found_country,country_name,used,longitude,continent,timestamp,country_code,latitude,address,alt_addr,no_result
True,Denmark,0,10.3333283,Europe,,DK,55.670249,Denmark,,
True,Ireland,0,-6.2605593,Europe,,IE,53.3493795,"Dublin, Leinster, Ireland",,
True,England,0,-1.5488245,Europe,,GB,52.839548,"Repton, Derbyshire, England",,
True,Denmark,0,10.3852104,Europe,,DK,55.3997225,"Odense, Denmark",,
True,Ireland,0,-6.2605593,Europe,,IE,53.3493795,"Dublin, Ireland",,
True,United Kingdom,0,-1.5488245,Europe,,GB,52.839548,"Repton, Derbyshire, England, United Kingdom",,
True,Wales,0,-3.73893,Europe,,GB,52.2928116,Wales,,
True,France,0,0.166657,Europe,,FR,48.9412614,"Saint-Germain-de-Montgommery, Calvados, France",,
True,Ireland,0,-6.3229698,Europe,,IE,53.1777619,"Diocese of Dublin, Ireland",,
True,Ireland,0,-6.9918183,Europe,,IE,53.118465,"Leinster, Ireland",,
True,France,0,-1.5923144,Europe,,FR,47.1773346,"Neustria, France",,
True,France,0,0.3138532,Europe,,FR,49.0677708,"Normandy, France",,
True,Wales,0,-4.0035104,Europe,,GB,51.8814303,"Llandyfeisant, Carmarthenshire, Wales",,
True,Wales,0,-4.0188008,Europe,,GB,51.876822,"Dinefwr Castle, Carmarthenshire, Wales",,
True,England,0,-0.9212977,Europe,,GB,52.2437937,"Northumbria, England",,
True,United Kingdom,0,-1.2649062,Europe,,GB,52.5310214,"England, United Kingdom",,
True,England,0,-1.0815361,Europe,,GB,53.9590555,"York, Yorkshire, England",,
True,,1,-78.7792394,,,NONE,35.8275458,Wessex,,
True,England,0,-1.6948438,Europe,,GB,52.6345819,"Tamworth, Staffordshire, England",,
True,England,0,-2.1880662,Europe,,GB,51.7643786,"Gloucestershire, England",,
True,Isle of Man,0,-4.5591148,Europe,,IM,54.1936805,Isle of Man,,
True,Scotland,0,-4.1140518,Europe,,GB,56.7861112,Scotland,,
True,France,0,1.8883335,Europe,,FR,46.603354,France,,
True,France,0,-0.5733654,Europe,,FR,48.9536845,"Saint-Germain-de-Montgommery, Calvados, Lower Normandy, France",,
True,France,0,1.0295505,Europe,,FR,49.3693017,"Fatouville-Grestain, Eure, Upper Normandy, France",,
True,France,0,0.3138532,Europe,,FR,49.0677708,"Hiemois, Normandie, France",,
True,Wales,0,-4.2172827,Europe,,GB,51.8936699,"Carmarthenshire, Wales",,
True,Wales,0,-3.9925144,Europe,,GB,51.8853935,"Llandeilo, Carmarthenshire, Wales",,
True,Scotland,0,-6.4084008,Europe,,GB,56.3289175,"Iona, Argyll, Scotland",,
True,Ireland,0,-7.9794599,Europe,,IE,52.865196,Ireland,,
True,Ireland,0,-6.6574093,Europe,,IE,53.2214677,"Naas, Kildare, Leinster, Ireland",,
True,Ireland,0,-8.5708973,Europe,,IE,52.3076216,", Munster, Ireland",,
True,Ireland,0,-8.4774926,Europe,,IE,52.8069536,"Killaloe, Clare, Ireland",,
True,United Kingdom,0,-3.9925144,Europe,,GB,51.8853935,"Llandeilo, Carmarthenshire, Wales, United Kingdom",,
True,United Kingdom,0,-4.2172827,Europe,,GB,51.8936699,"Carmarthenshire, Wales, United Kingdom",,
True,Wales,0,-3.1791934,Europe,,GB,51.4816546,"Cardiff, Glamorgan, Wales",,
True,France,0,2.3483915,Europe,,FR,48.8534951,"Paris, Île-de-France, France",,
True,France,0,0.3138532,Europe,,FR,49.0677708,"Botinet, Normandy, France",,
True,France,0,0.3138532,Europe,,FR,49.0677708,"Mt. Gomeric, Normandy, France",,
True,Wales,0,-3.4649973,Europe,,GB,52.6152731,"Montgomeryshire, Wales",,
True,Ireland,0,-8.7958347,Europe,,IE,52.5188317,"County Limerick, Ireland",,
True,Wales,0,-4.0035104,Europe,,GB,51.8814303,"Dynevor, Llandyfeisant, Llandeilo, Carmarthenshire, Wales",,
True,United Kingdom,0,-3.73893,Europe,,GB,52.2928116,"Wales, United Kingdom",,
True,England,0,-1.2649062,Europe,,GB,52.5310214,"Wales & Hereford, England",,
True,Wales,0,-3.73893,Europe,,GB,52.2928116,"Denbighs, Wales",,
True,United Kingdom,0,-4.0188008,Europe,,GB,51.876822,"Dinefwr Castle, Carmarthenshire, Wales, United Kingdom",,
True,Wales,0,-3.3671284,Europe,,GB,53.1097895,"Llanrwst, Denbighshire, , Wales",,
True,Wales,0,-4.0035104,Europe,,GB,51.8814303,"Dynevor, Llandyfeisant, Carmarthenshire, Wales",,
True,Wales,0,-4.0188008,Europe,,GB,51.876822,"Dinefwr, Carmarthenshire, Wales",,
True,England,0,-2.7686972,Europe,,GB,51.4818832,"Gwent, Monmouthshire, England",,
True,Ireland,0,-6.1968538,Europe,,IE,53.3608138,"Clontarf, County Dublin, Ireland",,
True,Ireland,0,-7.1571681,Europe,,IE,52.1584946,"Kincora, Munster, Ireland",,
True,,1,8.7876653,,,NONE,61.1529386,Norge,,
True,Denmark,0,12.5700724,Europe,,DK,55.6867243,"Saltholm, Tårnby, Sokkelund, Copenhagen, Denmark",,
True,United Kingdom,0,-1.38525,Europe,,GB,53.9825271,"Yorkshire, England, United Kingdom",,
True,Ireland,0,-6.2605593,Europe,,IE,53.3493795,"Dublin, County Dublin, Ireland",,
True,Ireland,0,-7.1889831,Europe,,IE,52.5687098,"County Kilkenny, Ireland",,
True,France,0,1.8883335,Europe,,FR,46.603354,"Mont Gomeric-Normandy-Nord, France",,
True,France,0,0.3138532,Europe,,FR,49.0677708,"Normandy, , , France",,
True,France,0,1.8883335,Europe,,FR,46.603354,", , , France",,
True,Scotland,0,-6.6471487,Europe,,GB,58.1221945,"Hebrides, Scotland",,
True,Norway,0,8.7876653,Europe,,NO,61.1529386,Norway,,
True,,1,-4.5591148,,,NONE,54.1936805,Isle Man,,
True,Wales,0,-3.4189314,Europe,,GB,53.182152,"Of, , Denbighshire, Wales",,
True,Wales,0,-3.3671284,Europe,,GB,53.1097895,"Denbighshire, Wales",,
True,England,0,-3.0022578,Europe,,GB,52.8754011,"Whittington, Shropshire, England",,
True,Wales,0,-3.3671284,Europe,,GB,53.1097895,"Chirk, Denbighshire, Wales",,
True,Wales,0,-3.8430032,Europe,,GB,53.2907066,"Gwynedd, Caernarfonshire, Wales",,
True,France,0,2.320041,Europe,,FR,48.8588897,"Paris, France",,
True,Ireland,0,-7.9794599,Europe,,IE,52.865196,"Glenn Mama, Ireland",,
True,Ireland,0,-6.2866677,Europe,,IE,53.4065148,"County Dublin, Ireland",,
True,Ireland,0,-6.538156,Europe,,IE,53.168934,"Kildare, Naas, County Wicklow, Ireland",,
True,France,0,-0.5733654,Europe,,FR,48.9536845,"Calvados, Basse-Normandie, France",,
True,Wales,0,-4.3319194,Europe,,GB,53.2782258,"of Llandegfan, Dindaethwy, Anglesey, Wales",,
True,Wales,0,-3.3988831,Europe,,GB,51.4470646,"Glamorgan, Wales",,
True,Wales,0,-3.000007,Europe,,GB,51.6666717,"Battle of Pen Co, Gwent, Monmouthshire, Wales",,
True,England,0,-3.6607788,Europe,,GB,50.7241405,"Devon, England",,
True,Wales,0,-4.9144858,Europe,,GB,51.6754422,"Pembroke, Pembrokeshire, Wales",,
True,France,0,2.7247515,Europe,,FR,50.1024606,"Picardy, France",,
True,Wales,0,-3.962134,Europe,,GB,52.0613734,"Gwlad, Carmarthenshire, Wales",,
True,Wales,0,-3.962134,Europe,,GB,52.0613734,"Deheubarth, Gwlad, Carmarthenshire, Wales",,
True,Wales,0,-3.73893,Europe,,GB,52.2928116,"Dynevor Castle, Deheubarth, Wales",,
True,Wales,0,-3.000007,Europe,,GB,51.6666717,"Gwent, Wales",,
True,Wales,0,-3.73893,Europe,,GB,52.2928116,"Deheubarth, Wales",,
True,Wales,0,-4.3478711,Europe,,GB,53.2781603,"West Wales, Wales",,
True,Wales,0,-4.7553455,Europe,,GB,51.9112449,"Dynevor Castle, Llandilo, Pembrokeshire, Wales",,
True,Wales,0,-3.4649973,Europe,,GB,52.6152731,"Llanwnog, Montgomeryshire, Wales",,
True,Wales,0,-3.4649973,Europe,,GB,52.6152731,"Trelystan, Montgomeryshire, Wales",,
True,Wales,0,-4.7553455,Europe,,GB,51.9112449,"Llandilo, Pembrokeshire, Wales",,
True,United Kingdom,0,-3.3988831,Europe,,GB,51.4470646,"Llanilid, Glamorgan, Wales, United Kingdom",,
True,France,0,2.9906764,Europe,,FR,49.8031514,"Y, Somme, Picardie, France",,
True,,1,-4.6988756,,,NONE,54.2266524,St Patrick's Isle,,
True,Ireland,0,-6.2543853,Europe,,IE,53.3438434,"Dublin, Dublin, Ireland",,
True,Scotland,0,-6.6471487,Europe,,GB,58.1221945,"Sudreyjar (Isles of the Sea), Hebrides, Scotland",,
True,Italy,0,12.4829321,Europe,,IT,41.8933203,"Rome, Lazio, Italy",,
True,Wales,0,-3.73893,Europe,,GB,52.2928116,"Maelor Gymraeg, Wales",,
True,Wales,0,-3.3553352,Europe,,GB,52.32715,"Powys, Wales",,
True,England,0,-3.035703,Europe,,GB,52.7841649,"Maesbrook, Shropshire, England",,
True,Wales,0,-3.4649973,Europe,,GB,52.6152731,"Powys, Montgomeryshire, Wales",,
True,Wales,0,-4.0188008,Europe,,GB,51.876822,"Dinefwr Castle, Sir Gaerfyrddin, Wales",,
True,Wales,0,-3.73893,Europe,,GB,52.2928116,"Gwlad Morgan, Wales",,
True,Wales,0,-3.1402189,Europe,,GB,53.2165096,"Flintshire, Wales",,
True,Wales,0,-3.2328344,Europe,,GB,53.1783548,"Cilcain, Flintshire, Wales",,
True,Wales,0,-3.1402189,Europe,,GB,53.2165096,"Llys Edwin. Llaneurguin, Flintshire, Wales",,
True,Wales,0,-3.73893,Europe,,GB,52.2928116,"Cynric or Ednowain, Wales",,
True,Wales,0,-3.3988831,Europe,,GB,51.4470646,", Glamorgan, , Wales",,
True,Wales,0,-3.008586,Europe,,GB,52.2747215,", Radnorshire, , Wales",,
True,Wales,0,-2.8333331,Europe,,GB,51.7501058,"Monmouthshire, Wales",,
True,Wales,0,-3.1402189,Europe,,GB,53.2165096,"Deheubarth, Flintshire, Wales",,
True,Wales,0,-3.4178289,Europe,,GB,53.1853776,"Deheubarth, Denbigh, Wales",,
True,Wales,0,-4.6849115,Europe,,GB,51.8188525,"of Llan-gan West, Efelffre, Pembrokeshire, Wales",,
True,Wales,0,-3.4649973,Europe,,GB,52.6152731,"Castle, Montgomeryshire, Wales",,
True,Wales,0,-2.9208857,Europe,,GB,53.178404,"Rhuddlan, Flintshire, Wales",,
True,Wales,0,-3.4686159,Europe,,GB,53.1772309,"Pentrefoelas, Denbighshire, Wales",,
True,Wales,0,-4.4643722,Europe,,GB,53.1915038,"Aberffraw, Anglesey, Wales",,
True,United Kingdom,0,-2.7779892,Europe,,GB,53.6674573,"Croston, Lancashire, England, United Kingdom",,
True,United Kingdom,0,-4.25,Europe,,GB,57.3333333,"Highlands, Highland, Scotland, United Kingdom",,
True,Scotland,0,-6.1656723,Europe,,GB,55.7585802,"Islay, Scotland",,
True,Scotland,0,-7.166667,Europe,,GB,57.666667,"Island of Islay, Western Isles, Scotland",,
True,Scotland,0,-3.5,Europe,,GB,55.166667,"Dumfriesshire, Scotland",,
True,Wales,0,-4.9147512,Europe,,GB,51.7491395,"Llangwm, Wales",,
True,Wales,0,-3.9925144,Europe,,GB,51.8853935,"Dynefwr Castle, Llandeilo, Carmarthenshire, Wales",,
True,Wales,0,-3.3671284,Europe,,GB,53.1097895,"Llangwm, Denbighshire, Wales",,
True,Wales,0,-3.000007,Europe,,GB,51.6666717,"Gwent, Monmouthshire, Wales",,
True,Wales,0,-3.1676296,Europe,,GB,53.2640966,"Bagillt, Flintshire, Wales",,
True,Wales,0,-3.1673701,Europe,,GB,51.444046,"Dyfed, Wales",,
True,France,0,2.3738855,Europe,,FR,49.9689482,"Somme, Picardy, France",,
True,Wales,0,-3.1432322,Europe,,GB,53.2529037,"Coleshill, Flintshire, , Wales",,
True,Ireland,0,-7.9794599,Europe,,IE,52.865196,", , Ireland",,
True,Ireland,0,-6.9117199,Europe,,IE,53.1568465,"Kildare, Leinster, Ireland",,
True,Ireland,0,-8.5229823,Europe,,IE,51.705737,"Kinsale, Cork, Munster, Ireland",,
True,Wales,0,-4.6597826,Europe,,GB,52.0848419,"of Cardigan, Cardigan, Wales",,
True,England,0,-3.035703,Europe,,GB,52.7841649,"Maesbrook, Kinnerley, Shropshire, England",,
True,Wales,0,-3.166204,Europe,,GB,51.443132,"Clwyd, Wales",,
True,Wales,0,-3.4649973,Europe,,GB,52.6152731,"Montgomery, Montgomeryshire, Wales",,
True,Wales,0,-3.0348738,Europe,,GB,53.1669787,"1651600, Flintshire, , Wales",,
True,Wales,0,-3.4649973,Europe,,GB,52.6152731,"Arwystli, Montgomeryshire, , Wales",,
True,Wales,0,-3.4649973,Europe,,GB,52.6152731,"Carno, Montgomeryshire, , Wales",,
True,Wales,0,-3.3671284,Europe,,GB,53.1097895,"Maelor, Denbighshire, Wales",,
True,Wales,0,-3.3988831,Europe,,GB,51.4470646,"Meisgyn, Penychen, Glamorgan, Wales",,
True,Wales,0,-2.789728,Europe,,GB,51.8775609,"Skenfrith, Monmouthshire, Wales",,
True,Wales,0,-3.8845537,Europe,,GB,52.7416106,"of, , Gwynedd, Wales",,
True,United Kingdom,0,-3.4649973,Europe,,GB,52.6152731,"Llwydiarth, Montgomeryshire, Wales, United Kingdom",,
True,Wales,0,-4.0741732,Europe,,GB,53.0712302,"Snowdonia, Wales",,
True,Wales,0,-3.3905287,Europe,,GB,52.3313804,"Abbey-Cwmhir, Powys, Wales",,
True,England,0,-0.5331475,Europe,,GB,52.9839074,"of, , Mercia, England",,
True,England,0,-1.3373194,Europe,,GB,51.0201383,"Mercia, England",,
True,Wales,0,-4.0685073,Europe,,GB,52.4144637,"of, , , Wales",,
True,France,0,0.7181025,Europe,,FR,49.1948931,"Brionne, Eure, Normandie, France",,
True,United Kingdom,0,-2.8469682,Europe,,GB,53.7085379,"Hesketh Bank, Lancashire, England, United Kingdom",,
True,United Kingdom,0,-1.9485865,Europe,,GB,53.8311942,"Haworth, Yorkshire, England, United Kingdom",,
True,United Kingdom,0,-4.1140518,Europe,,GB,56.7861112,"Scotland, United Kingdom",,
True,Wales,0,-3.4649973,Europe,,GB,52.6152731,"Machynlleth, Montgomeryshire, Wales",,
True,Wales,0,-3.3988831,Europe,,GB,51.4470646,"Morgannwg Gwlad, Glamorgan, Wales",,
True,Wales,0,-3.1329638,Europe,,GB,53.1580195,"Llys Y Coed, Flintshire, Wales",,
True,Wales,0,-3.1345262,Europe,,GB,53.2492828,"Flint, Flintshire, Wales",,
True,Scotland,0,-3.1296944,Europe,,GB,58.9418231,"Gairnsay, Orkney Islands, Scotland",,
True,Scotland,0,-3.1296944,Europe,,GB,58.9418231,"Gairnsay, Orkney, Scotland",,
True,Scotland,0,-3.1296944,Europe,,GB,58.9418231,"Duncansby, Gairnsay, Orkney Islands, Scotland",,
True,Wales,0,-3.1650851,Europe,,GB,53.2661553,"Tegeingl, Flintshire, Wales",,
True,Wales,0,-3.1432322,Europe,,GB,53.2529037,"Northop, Coleshill, Flintshire, Wales",,
True,Wales,0,-3.8335244,Europe,,GB,52.9089585,"Gwynedd, Wales",,
True,United Kingdom,0,-4.1268822,Europe,,GB,53.2277163,"Bangor, Gwynedd, Wales, United Kingdom",,
True,Wales,0,-3.8436844,Europe,,GB,53.2905864,"Bangor Cathedral, Is Gwyrfai, CaernarvonShire, Wales",,
True,Wales,0,-3.73893,Europe,,GB,52.2928116,"(Slain), Battle Mechain, Montogmeryshire, Wales",,
True,Wales,0,-2.7160441,Europe,,GB,51.8098882,"Monmouth, Monmouthshire, Wales",,
True,Wales,0,-3.391696,Europe,,GB,51.9472048,"Brecon, Powys, Wales",,
True,Wales,0,-3.3132081,Europe,,GB,51.4613002,"Mid Wales, Wales",,
True,Wales,0,-3.4649973,Europe,,GB,52.6152731,"Welshpool, Montgomeryshire, Wales",,
True,Wales,0,-3.8430032,Europe,,GB,53.2907066,"Caernarfonshire, Wales",,
True,Wales,0,-4.1129886,Europe,,GB,53.2178275,"Anglesey, Gwynedd, Wales",,
True,England,0,-1.3373194,Europe,,GB,51.0201383,"Mercia, , , England",,
True,United Kingdom,0,-3.3553352,Europe,,GB,52.32715,"Powys, Wales, United Kingdom",,
True,France,0,-2.9202408,Europe,,FR,48.2640845,"Brittany, France",,
True,Wales,0,-3.8790712,Europe,,GB,52.1567725,"of Garth, Llanddewibrefi, Cardiganshire, Wales",,
True,Ireland,0,-7.3088311,Europe,,IE,52.6704619,"Ossory, Ireland",,
True,Wales,0,-3.8606376,Europe,,GB,51.8818433,"Gwynfe, Carmarthenshire, Wales",,
True,Wales,0,-3.4649973,Europe,,GB,52.6152731,"Llanfair, Montgomeryshire, Wales",,
True,Wales,0,-3.8749545,Europe,,GB,52.79398,"Merionethshire, Wales",,
True,Wales,0,-4.3303005,Europe,,GB,51.8444285,"Ystrad, Carmarthenshire, Wales",,
True,Ireland,0,-7.1573061,Europe,,IE,52.6565507,"Munster, Clara, Ireland",,
True,Ireland,0,-7.9794599,Europe,,IE,52.865196,"Leinster Province, Ireland",,
True,Ireland,0,-7.9794599,Europe,,IE,52.865196,", Duleck, , Ireland",,
True,England,0,-2.6435641,Europe,,GB,52.6523394,"Shropshire, England",,
True,Wales,0,-3.8430032,Europe,,GB,53.2907066,"Creuddyn, Caernarfonshire, Wales",,
True,United Kingdom,0,-3.3671284,Europe,,GB,53.1097895,"Denbighshire, Wales, United Kingdom",,
True,,1,-3.3317405,,,NONE,53.2710352,"of Denbighshire, N. Wales",,
True,Wales,0,-3.4649973,Europe,,GB,52.6152731,"of, Cyfeiliog, Montgomeryshire, Wales",,
True,United Kingdom,0,-3.952781,Europe,,GB,52.2945764,"Ceredigion, Wales, United Kingdom",,
True,United Kingdom,0,-4.3115907,Europe,,GB,51.8591257,"Caerfyrddin Priory, Carmarthen, Carmarthenshire, Wales, United Kingdom",,
True,Wales,0,-4.5255539,Europe,,GB,52.0447075,"Blaen Cuch, Cenarth, Carmarthenshire, Wales",,
True,England,0,-2.7151735,Europe,,GB,52.0553813,"Hereford, Herefordshire, England",,
True,England,0,-2.7421913,Europe,,GB,52.3260631,"Richards Castle, Herefordshire, England",,
True,England,0,-2.7193114,Europe,,GB,52.3679896,"Ludlow, Shropshire, England",,
True,,1,-1.2649062,,,NONE,52.5310214,"England, UK",,
True,Wales,0,-3.1554135,Europe,,GB,52.7745894,"Mechain, Powys, Wales",,
True,Wales,0,-3.73893,Europe,,GB,52.2928116,"Slain, , , Wales",,
True,Wales,0,-3.73893,Europe,,GB,52.2928116,", , Wales",,
True,Italy,0,10.6702416,Europe,,IT,43.8109228,"Ascoli Piceno, Marche (Regione), Italy",,
True,Wales,0,-4.3319194,Europe,,GB,53.2782258,"of , Anglesey, Wales",,
True,Wales,0,-4.5758425,Europe,,GB,53.2787998,"Llifon, Anglesey, Wales",,
True,Wales,0,-4.5036355,Europe,,GB,53.2942327,"Bodedern, Anglesey, Wales",,
True,Wales,0,-3.1402189,Europe,,GB,53.2165096,"Tegeingl ctf, Flintshire, Wales",,
True,Wales,0,-3.8749545,Europe,,GB,52.79398,"Nannau Hall, Merionethshire, Wales",,
True,United Kingdom,0,-3.008586,Europe,,GB,52.2747215,"Llanbister, Radnorshire, Wales, United Kingdom",,
True,Wales,0,-3.008586,Europe,,GB,52.2747215,"Penherniw, Llanbister, Radnorshire, Wales",,
True,Wales,0,-3.3854408,Europe,,GB,51.9489737,"Breconshire, Wales",,
True,United Kingdom,0,-3.3854408,Europe,,GB,51.9489737,"Breconshire, Wales, United Kingdom",,
True,United Kingdom,0,-3.1520621,Europe,,GB,52.2407038,"Radnor, Wales, United Kingdom",,
True,Wales,0,-3.73893,Europe,,GB,52.2928116,"Dyffryn Clwyd, Perfeddwlad, Wales",,
True,Wales,0,-3.166204,Europe,,GB,51.443132,"Clwyd, , , Wales",,
True,Wales,0,-3.1402189,Europe,,GB,53.2165096,"Bodfari, Flintshire, Wales",,
True,United Kingdom,0,-3.465395,Europe,,GB,51.4092487,"Merioneth, Wales, United Kingdom",,
True,Scotland,0,-3.434027,Europe,,GB,58.404267,"Gairsay, Caithness, Scotland",,
True,England,0,-2.8495199,Europe,,GB,50.914379,"Dinnington, Somerset, England",,
True,Wales,0,-4.3062309,Europe,,GB,51.7363873,"Kidwelly, Carmarthenshire, Wales",,
True,Wales,0,-4.9207686,Europe,,GB,51.6772486,"Pembroke Castle, Pembrokeshire, Wales",,
True,Wales,0,-3.3988831,Europe,,GB,51.4470646,"Penrice, Glamorgan, Wales",,
True,Wales,0,-3.9342811,Europe,,GB,52.2200293,"Tregaron, Cardiganshire, Wales",,
True,Italy,0,13.539593,Europe,,IT,42.8834204,"Ascoli Piceno, Marche, Italy",,
True,Wales,0,-3.73893,Europe,,GB,52.2928116,"Cydifor Fawr, Wales",,
True,England,0,-1.2649062,Europe,,GB,52.5310214,England,,
True,Wales,0,-3.73893,Europe,,GB,52.2928116,"Maes Gwenllian, Wales",,
True,France,0,-1.1283976,Europe,,FR,48.5080492,"Marche, France",,
True,Wales,0,-3.4178289,Europe,,GB,53.1853776,"Denbigh, Denbighshire, Wales",,
True,United States,0,-85.8119919,North America,,US,44.8878795,"Leelanau, Michigan, United States",,
True,Wales,0,-3.4649973,Europe,,GB,52.6152731,"of, Ceri, Montgomeryshire, Wales",,
True,Wales,0,-3.73893,Europe,,GB,52.2928116,"of, , Morgannwg gwlad, Wales",,
True,Wales,0,-3.2419248,Europe,,GB,51.5202413,"of Rhuthin, Penychen, Glamorganshire, Wales",,
True,Wales,0,-3.73893,Europe,,GB,52.2928116,"Enn ap Gllwn, Wales",,
True,Wales,0,-3.4649973,Europe,,GB,52.6152731,"of, Newtown, Montgomeryshire, Wales",,
True,,1,-3.6817534,,,NONE,53.292237,{Bod Hen},,
True,Wales,0,-3.1474836,Europe,,GB,52.562033,"Dinas Powis, Montgomery, Wales",,
True,Ireland,0,-7.9794599,Europe,,IE,52.865196,"Cill Cainnigh, Ireland",,
True,Wales,0,-3.952781,Europe,,GB,52.2945764,"Ystrad-Flur, Cardiganshire, Wales",,
True,Wales,0,-3.008586,Europe,,GB,52.2747215,"Maesyfed, Radnorshire, Wales",,
True,Wales,0,-3.3709393,Europe,,GB,52.2532703,"of Powys, Wales",,
True,Wales,0,-4.3115907,Europe,,GB,51.8591257,"Fferws, Carmarthen, Carmarthenshire, Wales",,
True,Wales,0,-4.2769751,Europe,,GB,53.1394364,"Caernarvon, Gwynedd, Wales",,
True,Wales,0,-4.3319194,Europe,,GB,53.2782258,"Aberffraw Castle, Anglesey, Wales",,
True,Wales,0,-3.8436844,Europe,,GB,53.2905864,"Bangor Cathedral, Bangor, Caernarvonshire, Wales",,
True,Wales,0,-3.8430032,Europe,,GB,53.2907066,"Bangor, Caernarfonshire, Wales",,
True,England,0,0.2750712,Europe,,GB,51.1955494,"Tonbridge, Kent, England",,
True,United Kingdom,0,-3.3553352,Europe,,GB,52.32715,"Powys, United Kingdom",,
True,Wales,0,-3.73893,Europe,,GB,52.2928116,"Llawr Grach, Wales",,
True,England,0,-1.3131692,Europe,,GB,51.0612766,"Winchester, Hampshire, England",,
True,Wales,0,-3.4649973,Europe,,GB,52.6152731,"Meifod, Montgomeryshire, Wales",,
True,Wales,0,-3.8436844,Europe,,GB,53.2905864,"Of, , Caernarvonshire, Wales",,
True,Wales,0,-3.8436844,Europe,,GB,53.2905864,"of , Caernarvonshire, Wales",,
True,Wales,0,-3.8783629,Europe,,GB,51.9382324,"Gwynfe, Llangadog Fawr, Carmarthenshire, Wales",,
True,Wales,0,-3.9018434,Europe,,GB,51.9667794,"Llansadwrn, Carmarthenshire, Wales",,
True,Wales,0,-3.8198121,Europe,,GB,52.0450103,"Cilycwm, Carmarthenshire, Wales",,
True,Wales,0,-3.3553352,Europe,,GB,52.32715,"Mochnant Swydd Y Waun, Powys, Wales",,
True,Wales,0,-3.8749545,Europe,,GB,52.79398,"Llandanwg, Merionethshire, Wales",,
True,Wales,0,-3.4649973,Europe,,GB,52.6152731,"Cedigva, Montgomeryshire, Wales",,
True,Wales,0,-3.008586,Europe,,GB,52.2747215,"Melinydd, Radnorshire, Wales",,
True,Wales,0,-3.4649973,Europe,,GB,52.6152731,"Kerry, Montgomeryshire, Wales",,
True,Wales,0,-3.3988831,Europe,,GB,51.4470646,"Rhiwbina, Glamorgan, Wales",,
True,Wales,0,-3.4178289,Europe,,GB,53.1853776,"Llangenyw Monastery, Llangenyw, Denbigh, Wales",,
True,Ireland,0,-6.4758657,Europe,,IE,52.3272238,"Laugh Carmen, Wexford, Ireland",,
True,Ireland,0,-6.6065155,Europe,,IE,52.4601875,"County Wexford, Ireland",,
True,Ireland,0,-6.9918183,Europe,,IE,53.118465,"Athcliath, Diocese of Dublin, Leinster, Ireland",,
True,Ireland,0,-6.9918183,Europe,,IE,53.118465,"Donnchadh, Leinster, Ireland",,
True,Wales,0,-3.0766861,Europe,,GB,53.1636567,"Penley, Flintshire, Wales",,
True,Wales,0,-3.7977071,Europe,,GB,51.9954586,"Llandovery, Carmarthenshire, Wales",,
True,England,0,-0.5746614,Europe,,GB,51.5297668,"Wexham, Berkshire, England",,
True,Wales,0,-3.3671284,Europe,,GB,53.1097895,"Eyton, Denbighshire, Wales",,
True,Wales,0,-3.3671284,Europe,,GB,53.1097895,"Maen Gwynedd, Denbighshire, Wales",,
True,Wales,0,-3.1402189,Europe,,GB,53.2165096,"Pengwern, Flintshire, Wales",,
True,England,0,-2.6811596,Europe,,GB,53.1834604,"Utkinton, Cheshire, England",,
True,Wales,0,-3.2419248,Europe,,GB,51.5202413,"of, Margam, Glamorganshire, Wales",,
True,Wales,0,-3.3671284,Europe,,GB,53.1097895,"of, Mochnant Is Rhae, Denbighshire, Wales",,
True,Wales,0,-2.7150943,Europe,,GB,51.8120559,"Beaufort, Monmouthshire, Wales",,
True,Wales,0,-3.3854408,Europe,,GB,51.9489737,"Brecon, Breconshire, Wales",,
True,Wales,0,-3.73893,Europe,,GB,52.2928116,"St. John Priory, Brecheiniog, Wales",,
True,France,0,1.0295505,Europe,,FR,49.3693017,"Neufmarche, Seine-Maritime, Haute-Normandie, France",,
True,England,0,-2.2467498,Europe,,GB,51.8673377,"Gloucester Cathedral, Gloucestershire, England",,
True,Wales,0,-3.1673701,Europe,,GB,51.444046,"of, , Dyfed, Wales",,
True,,1,78.4869289,,,NONE,30.6889653,{Aleth},,
True,Wales,0,-4.3319194,Europe,,GB,53.2782258,"of Talybolion, Anglesey, Wales",,
True,Wales,0,-3.8837633,Europe,,GB,51.9379682,"Llangadock, Carmarthenshire, Wales",,
True,Wales,0,-4.5255539,Europe,,GB,52.0447075,"Cenarth, Carmarthenshire, Wales",,
True,Wales,0,-4.3115907,Europe,,GB,51.8591257,"Caerfyrddin Priory, Carmarthen, Carmarthenshire, Wales",,
True,Wales,0,-4.5007897,Europe,,GB,51.9448733,"Trelech, Carmarthenshire, Wales",,
True,Wales,0,-4.2172827,Europe,,GB,51.8936699,"of, Derllys cmt, Carmarthenshire, Wales",,
True,Wales,0,-4.2172827,Europe,,GB,51.8936699,"Cilsant, Carmarthenshire, Wales",,
True,Wales,0,-3.2212991,Europe,,GB,53.2714061,"Holywell, Flintshire, Wales",,
True,United Kingdom,0,-3.1402189,Europe,,GB,53.2165096,"Flintshire, Wales, United Kingdom",,
True,England,0,-0.6040419,Europe,,GB,51.4837886,"Windsor, Berkshire, England",,
True,Wales,0,-3.3854408,Europe,,GB,51.9489737,"Aberhonddu, Breconshire, Wales",,
True,United Kingdom,0,-3.4516152,Europe,,GB,51.487022,"Breigan, Llansanwyr, Glamorgan, Wales, United Kingdom",,
True,Wales,0,-3.8436844,Europe,,GB,53.2905864,"Nannau, Caernarvonshire, Wales",,
True,,1,-88.3767626,,,NONE,43.0044549,of Wales,,
True,United Kingdom,0,-4.1631064,Europe,,GB,53.2259347,"Menai Bridge, Anglesey, Wales, United Kingdom",,
True,,1,-120.9877194,,,NONE,38.3785237,{Edwin},,
True,,1,-3.73893,,,NONE,52.2928116,"Gywnedd, Cymru",,
True,Wales,0,-3.1324591,Europe,,GB,53.2067926,"Northop, Flintshire, Wales",,
True,Wales,0,-3.8749545,Europe,,GB,52.79398,"Nannau, Merionethshire, Wales",,
True,England,0,-0.722846,Europe,,GB,51.5183532,"Maidenhead, Berkshire, England",,
True,England,0,-0.6040419,Europe,,GB,51.4837886,"Windsor Castle, Berkshire, England",,
True,Wales,0,-4.8278557,Europe,,GB,51.69831,"Carew, Pembrokeshire, Wales",,
True,Wales,0,-3.952781,Europe,,GB,52.2945764,"Cardiganshire, Wales",,
True,,1,-68.27611,,,NONE,12.1463353,At Sea,,
True,England,0,-1.0990407,Europe,,GB,53.785097,"Selby, Yorkshire, England",,
True,France,0,0.9651829,Europe,,FR,49.0756358,"Saint-Denis-en-Lyons, Eure, Normandy, France",,
True,England,0,-0.9700664,Europe,,GB,51.4564242,"Reading, Berkshire, England",,
True,Wales,0,-2.8333331,Europe,,GB,51.7501058,"Castell Arnallt, Monmouthshire, Wales",,
True,Wales,0,-2.8333331,Europe,,GB,51.7501058,"Goldcliff Priory, Llebenydd, Monmouthshire, Wales",,
True,Wales,0,-3.2419248,Europe,,GB,51.5202413,"Glamorgan, Glamorganshire, Wales",,
True,Wales,0,-3.4649973,Europe,,GB,52.6152731,"Dyffryn, Montgomeryshire, Wales",,
True,Wales,0,-3.3044144,Europe,,GB,51.439358,"Dyffryn, Glamorgan, Wales",,
True,Wales,0,-3.1287047,Europe,,GB,53.2438649,"of Flint, Wales",,
True,Wales,0,-3.4649973,Europe,,GB,52.6152731,"of Main, Meifod, Montgomeryshire, Wales",,
True,Wales,0,-3.73893,Europe,,GB,52.2928116,"Of Angelsey, Wales",,
True,Wales,0,-2.8333331,Europe,,GB,51.7501058,"Ewias, Monmouthshire, Wales",,
True,Ireland,0,-7.2433945,Europe,,IE,52.6571391,"Ossory, Kilkenny, Ireland",,
True,Ireland,0,-6.1927577,Europe,,IE,53.2747217,"Leopardstown, County Dublin, Ireland",,
True,Ireland,0,-9.0539925,Europe,,IE,53.2698088,"Galway Castle, Galway, Galway, Connacht, Ireland",,
True,Ireland,0,-7.9794599,Europe,,IE,52.865196,"Cannought, Ireland",,
True,Ireland,0,-8.4774926,Europe,,IE,52.8069536,"Killaloe, County Clare, Ireland",,
True,Ireland,0,-8.4774926,Europe,,IE,52.8069536,"Saint Lua's Churchyard, Killaloe, Clare, Ireland",,
True,,1,0.3138532,,,NONE,49.0677708,"Baalun, Normandie",,
True,Wales,0,-3.1474836,Europe,,GB,52.562033,"Arwystle, Montgomery, Wales",,
True,Wales,0,-3.4649973,Europe,,GB,52.6152731,"Arwystli, Powys, Montgomeryshire, Wales",,
True,United Kingdom,0,-3.1474836,Europe,,GB,52.562033,"Montgomery, Powys, United Kingdom",,
True,United Kingdom,0,-3.1474836,Europe,,GB,52.562033,"Arwystli, Montgomery, Wales, United Kingdom",,
True,United Kingdom,0,-3.008586,Europe,,GB,52.2747215,"Aberedw, Radnorshire, Wales, United Kingdom",,
True,United Kingdom,0,-3.3905287,Europe,,GB,52.3313804,"Abbey-Cwmhir, Powys, Wales, United Kingdom",,
True,Wales,0,-3.008586,Europe,,GB,52.2747215,"Aberedw, Radnorshire, Wales",,
True,Wales,0,-3.3553352,Europe,,GB,52.32715,"Maelienydd, Rhayadr, Powys, Wales",,
True,Wales,0,-3.73893,Europe,,GB,52.2928116,"Blddn ap Cnfn, Wales",,
True,Wales,0,-3.4649973,Europe,,GB,52.6152731,"St. Tysilio, Meifod, Montgomeryshire, Wales",,
True,Wales,0,-3.8430032,Europe,,GB,53.2907066,"Conwy, Caernarfonshire, Wales",,
True,France,0,4.88149,Europe,,FR,45.3462,"Anjou, Isère, Rhône-Alpes, France",,
True,Wales,0,-4.6330966,Europe,,GB,53.3106715,"Holyhead, Anglesey, Wales",,
True,Wales,0,-4.3319194,Europe,,GB,53.2782258,"Holyhead, Talybolion, Anglesey, Wales",,
True,Wales,0,-3.3671284,Europe,,GB,53.1097895,"Burton, Denbighshire, Wales",,
True,Wales,0,-3.1673447,Europe,,GB,52.9687603,"of Pengwern, Llangollen, Denbighshire, Wales",,
True,Wales,0,-3.4649973,Europe,,GB,52.6152731,"Trefeglwys, Montgomeryshire, Wales",,
True,Wales,0,-3.73893,Europe,,GB,52.2928116,"Or Isle of Anglesey, Wales",,
True,Wales,0,-4.2145365,Europe,,GB,53.2816608,"Pentraeth, Anglesey, Wales",,
True,Wales,0,-3.008586,Europe,,GB,52.2747215,"Painscastle, Radnorshire, Wales",,
True,Wales,0,-3.1474212,Europe,,GB,52.6600742,"Welshpool, Powys, Wales",,
True,Wales,0,-3.8436844,Europe,,GB,53.2905864,"Aberffraw Castle, Aberffraw, Anglesey, Caernarvonshire, Wales",,
True,Wales,0,-3.1401202,Europe,,GB,52.6020924,"Pennant Melangell, Powys, Montgomery, Wales",,
True,Wales,0,-3.8430032,Europe,,GB,53.2907066,"Rhiw, Caernarfonshire, Wales",,
True,United Kingdom,0,-4.3319194,Europe,,GB,53.2782258,"Anglesey, Wales, United Kingdom",,
True,Wales,0,-3.73893,Europe,,GB,52.2928116,"Montgomery, Great Britian, Wales",,
True,United Kingdom,0,-3.4649973,Europe,,GB,52.6152731,"Machynlleth, Montgomeryshire, Wales, United Kingdom",,
True,United Kingdom,0,-3.4040033,Europe,,GB,52.9364617,"Edeirnion, Denbighshire, Wales, United Kingdom",,
True,Wales,0,-5.2658485,Europe,,GB,51.8810599,"St. David's, Pembrokeshire, Wales",,
True,Wales,0,-4.2172827,Europe,,GB,51.8936699,"Carnwyllion, , Carmarthenshire, Wales",,
True,Wales,0,-4.3319194,Europe,,GB,53.2782258,"Anglesey, Wales",,
True,Wales,0,-4.223399,Europe,,GB,53.3168276,"of, Twrcelyn, Anglesey, Wales",,
True,Wales,0,-3.8390174,Europe,,GB,52.2751973,"Strata Florida, Cardiganshire, Wales",,
True,England,0,-2.7686972,Europe,,GB,51.4818832,"Abergavenny, , Monmouthshire, England",,
True,Wales,0,-3.2419248,Europe,,GB,51.5202413,"Afan, Glamorganshire, Wales",,
True,Wales,0,-3.2419248,Europe,,GB,51.5202413,"of, Tir Iarll, Glamorganshire, Wales",,
True,Wales,0,-3.3988831,Europe,,GB,51.4470646,"Senghenydd, Glamorgan, Wales",,
True,Wales,0,-3.8749545,Europe,,GB,52.79398,"of, , Merionethshire, Wales",,
True,Wales,0,-4.890846,Europe,,GB,51.7921366,"of Hwlffordd, Rhos, Pembrokeshire, Wales",,
True,Wales,0,-4.4897031,Europe,,GB,53.2298095,"Llanfaelog, Anglesey, Wales",,
True,Wales,0,-3.166588,Europe,,GB,51.4436506,"Gwent, Glamorgan, Wales",,
True,Wales,0,-3.0147935,Europe,,GB,51.8213212,"Abergavenny, Monmouthshire, Wales",,
True,United Kingdom,0,-2.7160441,Europe,,GB,51.8098882,"Monmouth, Monmouthshire, Wales, United Kingdom",,
True,Italy,0,12.4829321,Europe,,IT,41.8933203,"Rome, Roma, Lazio, Italy",,
True,United Kingdom,0,-3.2373987,Europe,,GB,51.6418098,"Ystrad, Glamorgan, Wales, United Kingdom",,
True,,1,-6.4758657,,,NONE,52.3272238,"Lough Carmen, Wexford Leinster,",,
True,Wales,0,-3.4649973,Europe,,GB,52.6152731,"Cwm, Montgomeryshire, Wales",,
True,Wales,0,-3.3671284,Europe,,GB,53.1097895,"Maelor Gymraeg Commote, Denbighshire, Wales",,
True,Wales,0,-3.3671284,Europe,,GB,53.1097895,"Cristionydd, Rhiwabon, Denbighshire, Wales",,
True,Wales,0,-3.4649973,Europe,,GB,52.6152731,"Pennant-Melangell, Montgomeryshire, Wales",,
True,Wales,0,-3.4649973,Europe,,GB,52.6152731,"of, Castell Caereini, Montgomeryshire, Wales",,
True,United Kingdom,0,-3.3988831,Europe,,GB,51.4470646,"Glamorgan, Wales, United Kingdom",,
True,Wales,0,-3.213502,Europe,,GB,51.4334895,"Dinas Powys, Glamorgan, Wales",,
True,Wales,0,-3.2419248,Europe,,GB,51.5202413,"Glamorganshire, Wales",,
True,Wales,0,-3.1345262,Europe,,GB,53.2492828,"Flint, Wales",,
True,Wales,0,-3.3854408,Europe,,GB,51.9489737,"Aberhonwy, Brecon, Breconshire, Wales",,
True,Wales,0,-3.3854408,Europe,,GB,51.9489737,"Brecon Castle, Breconshire, Wales",,
True,England,0,-2.2690218,Europe,,GB,51.8506491,"Hempsted, Gloucester, Gloucestershire, England",,
True,England,0,-2.2708356,Europe,,GB,51.8499592,"Hempstead, Gloucestershire, England",,
True,England,0,-2.2458192,Europe,,GB,51.8653705,"Gloucester, Gloucestershire, England",,
True,England,0,-2.5307528,Europe,,GB,51.8001702,"Forest of Dean, Gloucestershire, England",,
True,Wales,0,-2.8333331,Europe,,GB,51.7501058,"Llanthony Prima Priory, Monmouthshire, Wales",,
True,Wales,0,-4.5656927,Europe,,GB,52.0638072,"of, Llandygwydd, Cardiganshire, Wales",,
True,,1,-4.2172827,,,NONE,51.8936699,"Tre-lech, Tre-lech a'r Bet, Carmarthenshire, Wales UK",,
True,Wales,0,-3.8783629,Europe,,GB,51.9382324,"Llangadog Fawr, Carmarthenshire, , Wales",,
True,Wales,0,-3.1673701,Europe,,GB,51.444046,"Gwynfe, , Dyfed, Wales",,
True,Wales,0,-4.2172827,Europe,,GB,51.8936699,"Cilsant Castle, St Clears Dyfed, Carmarthenshire, Wales",,
True,Hungary,0,22.3077333,Europe,,HU,48.1147054,"Austria, Hungary",,
True,Wales,0,-3.8436844,Europe,,GB,53.2905864,"Arllechwedd Isaf, Caernarvonshire, Wales",,
True,Wales,0,-3.1402189,Europe,,GB,53.2165096,"Tegeingl, Cantref, Flintshire, Wales",,
True,England,0,-2.9340978,Europe,,GB,53.1237913,"Pulford, Cheshire, England",,
True,United Kingdom,0,-2.9340978,Europe,,GB,53.1237913,"Pulford, Cheshire, England, United Kingdom",,
True,Wales,0,-3.4649973,Europe,,GB,52.6152731,"Llnnrchfrchwl, Cegidfa, Montgomeryshire, Wales",,
True,Wales,0,-3.4649973,Europe,,GB,52.6152731,"of, Ystrad Marchell, Montgomeryshire, Wales",,
True,Wales,0,-3.4649973,Europe,,GB,52.6152731,"Mathafarn, Montgomeryshire, Wales",,
True,Wales,0,-3.8749545,Europe,,GB,52.79398,"Llanfachreth, Merionethshire, Wales",,
True,Wales,0,-3.1673701,Europe,,GB,51.444046,"of Cil-Sant, Dyfed, Wales",,
True,Wales,0,-4.04281,Europe,,GB,51.8798387,"Cilsan, Carmarthen, Wales",,
True,Wales,0,-4.805514,Europe,,GB,51.8210771,"Llawhaden, Pembrokeshire, Wales",,
True,Wales,0,-4.2172827,Europe,,GB,51.8936699,"Derllys commote, Carmarthenshire, Wales",,
True,Wales,0,-4.2172827,Europe,,GB,51.8936699,"of Derllys, Gwarthaf, Carmarthenshire, Wales",,
True,United Kingdom,0,-3.4649973,Europe,,GB,52.6152731,"Montgomeryshire, Wales, United Kingdom",,
True,Wales,0,-3.4649973,Europe,,GB,52.6152731,"of, Llanfair Caerein, Montgomeryshire, Wales",,
True,Wales,0,-3.5267904,Europe,,GB,53.2232748,", Burton, Co. Denbigh, Wales",,
True,Wales,0,-3.008586,Europe,,GB,52.2747215,"Presteigne, Radnorshire, Wales",,
True,Wales,0,-3.008586,Europe,,GB,52.2747215,"BlaenGwaeddel, Gladestry, Radnorshire, Wales",,
True,Wales,0,-3.8436844,Europe,,GB,53.2905864,"Bodafon Issa, Caernarvonshire, , Wales",,
True,Wales,0,-4.7413758,Europe,,GB,51.805779,"Narberth, Pembrokeshire, Wales",,
True,Wales,0,-3.73893,Europe,,GB,52.2928116,"Angelsey, Carnarvonshire North, Wales",,
True,Wales,0,-4.3319194,Europe,,GB,53.2782258,"Cwmmwd Palace, Menai, Anglsy, Wales",,
True,Wales,0,-4.3319194,Europe,,GB,53.2782258,"OF CWNNWD PALACE, MENAI, ANGLSY, WALES",,
True,,1,-4.3319194,,,NONE,53.2782258,"Menai cmt, Anglesey, Wales, UK",,
True,Wales,0,-3.3671284,Europe,,GB,53.1097895,"Betws-yn-rhos, Denbighshire, Wales",,
True,Wales,0,-3.3124566,Europe,,GB,53.1461577,"Rhos, Denbighshire, Wales",,
True,Wales,0,-4.1631064,Europe,,GB,53.2259347,"Menai Bridge, Anglesey, Wales",,
True,Wales,0,-4.5334272,Europe,,GB,53.3703716,"Menai, Anglesey, , Wales",,
True,United Kingdom,0,-3.8335244,Europe,,GB,52.9089585,"Gwynedd, Wales, United Kingdom",,
True,Wales,0,-3.9965807,Europe,,GB,53.2460132,", Gwynedd Co, Wales",,
True,,1,-3.7583798,,,NONE,53.2977345,"Llandrillo yn Rhos Church, Llandrillo-yn-Rhos, North Wales",,
True,Wales,0,-4.2284196,Europe,,GB,53.1936531,"Plâs-coch, Llanddaniel-fab, Anglesey, Wales",,
True,Wales,0,-4.3319194,Europe,,GB,53.2782258,"of Plas Gwyn, Anglesey, Wales",,
True,Wales,0,-4.2257971,Europe,,GB,53.1901645,"Llanedwen, Anglesey, Wales",,
True,Wales,0,-4.8299912,Europe,,GB,51.6984691,"Carew Castle, Carew, Pembrokeshire, Wales",,
True,England,0,-0.9700664,Europe,,GB,51.4564242,"Reading, Reading, Berkshire, England",,
True,England,0,-0.9700664,Europe,,GB,51.4564242,"Greyfriars Church, Reading, Berkshire, England",,
True,England,0,-1.4106327,Europe,,GB,51.4572597,"Abbey Grey Friar, Welford, England",,
True,Ireland,0,-6.4758657,Europe,,IE,52.3272238,"Abbey of Grey Friars, Wexford, Ireland",,
True,,1,-4.916667,,,NONE,51.8339209,"Pembrokeshire, Gales, Reino Unido",,
True,Wales,0,-4.916667,Europe,,GB,51.8339209,"Pembrokeshire, Wales",,
True,Wales,0,-4.7955331,Europe,,GB,51.6466802,"Manorbier, Pembrokeshire, Wales",,
True,Wales,0,-3.2276065,Europe,,GB,53.1325398,"Dyffryn Clwyd, Denbighshire, Wales",,
True,England,0,-2.7653335,Europe,,GB,51.9317382,"Orcop, Herefordshire, England",,
True,,1,-2.8333331,,,NONE,51.7501058,Monmouthshire,,
True,United Kingdom,0,-4.3115907,Europe,,GB,51.8591257,"Carmarthen, Carmarthenshire, Wales, United Kingdom",,
True,United Kingdom,0,-2.8824893,Europe,,GB,51.7263886,"Monmouth, Gwent, Wales, United Kingdom",,
True,Wales,0,-4.916667,Europe,,GB,51.8339209,"Haverfordwest St Mary, Pembrokeshire, Wales",,
True,Wales,0,-4.8725262,Europe,,GB,51.8260158,"Wiston, Pembrokeshire, Wales",,
True,United Kingdom,0,-3.3854408,Europe,,GB,51.9489737,"Brecon, Breconshire, Wales, United Kingdom",,
True,Wales,0,-3.4649973,Europe,,GB,52.6152731,"Garthmyl, Montgomeryshire, Wales",,
True,Wales,0,-3.73893,Europe,,GB,52.2928116,"of Radnorshire, Wales",,
True,Wales,0,-3.3854408,Europe,,GB,51.9489737,"Llangamarch, Breconshire, Wales",,
True,Wales,0,-3.3854408,Europe,,GB,51.9489737,"of, Treflys, Breconshire, Wales",,
True,Wales,0,-3.3854408,Europe,,GB,51.9489737,"of Dinan, Buellt ctf, Breconshire, Wales",,
True,Wales,0,-3.4649973,Europe,,GB,52.6152731,"Tregynon, Montgomeryshire, Wales",,
True,Wales,0,-3.8388114,Europe,,GB,52.2747281,"Abbey of Strata Florida, Cardiganshire, Wales",,
True,Wales,0,-4.2172827,Europe,,GB,51.8936699,"Carnwyllion commote, Carmarthenshire, Wales",,
True,Wales,0,-3.1673701,Europe,,GB,51.444046,"Tegaing, Dyfed, Wales",,
True,United Kingdom,0,-1.2825379,Europe,,GB,53.3393418,"Wales, Wales, United Kingdom",,
True,Wales,0,-3.1993275,Europe,,GB,53.0018983,"Llantysilio, Denbighshire, Wales",,
True,Wales,0,-3.8749545,Europe,,GB,52.79398,"Meirionydd, , Merionethshire, Wales",,
True,Wales,0,-3.008586,Europe,,GB,52.2747215,"Llananno, Radnorshire, Wales",,
True,Wales,0,-4.7882741,Europe,,GB,51.9121893,"Maenclochog, Pembrokeshire, Wales",,
True,Wales,0,-3.3553352,Europe,,GB,52.32715,"Cefn Trefylwys, Powys, Wales",,
True,Wales,0,-3.73893,Europe,,GB,52.2928116,"of Mackienydd, , , Wales",,
True,Wales,0,-3.1474836,Europe,,GB,52.562033,"Talgarth, Trefeglwys, Montgomery, Wales",,
True,Wales,0,-4.3673717,Europe,,GB,53.2582716,"Heneglwys, Anglesey, Wales",,
True,Wales,0,-3.3854408,Europe,,GB,51.9489737,"Penpont, Breconshire, Wales",,
True,Wales,0,-3.3854408,Europe,,GB,51.9489737,"Cantref, Breconshire, Wales",,
True,Wales,0,-3.8436844,Europe,,GB,53.2905864,"Aberconway Abbey, Arllechwedd Isaf, Caernarvonshire, Wales",,
True,Wales,0,-3.7601273,Europe,,GB,52.9487856,"North Wales, Wales",,
True,United Kingdom,0,-4.3319194,Europe,,GB,53.2782258,"Anglesey, Anglesey, Wales, United Kingdom",,
True,Wales,0,-3.3671284,Europe,,GB,53.1097895,"Trefor in Gyffylliog, Denbighshire, Wales",,
True,Wales,0,-3.3671284,Europe,,GB,53.1097895,"Of Betws-yn-Rhos, Is Dulas, Denbighshire, Wales",,
True,England,0,-2.7651595,Europe,,GB,53.021809,"Malpas, Cheshire, England",,
True,United Kingdom,0,-3.4649973,Europe,,GB,52.6152731,"Montgomery, Montgomeryshire, Wales, United Kingdom",,
True,Wales,0,-3.73893,Europe,,GB,52.2928116,"of Montgomery, Wales",,
True,Wales,0,-3.2178204,Europe,,GB,52.1089269,"Painscastle, Powys, Wales",,
True,England,0,-2.7540658,Europe,,GB,52.707755,"Shrewsbury, Shropshire, England",,
True,England,0,-2.9818982,Europe,,GB,52.6638051,"Caus, Shropshire, England",,
True,Wales,0,-3.3671284,Europe,,GB,53.1097895,"Cyfeiliog, Denbighshire, Wales",,
True,Wales,0,-3.73893,Europe,,GB,52.2928116,"Merionydd, Wales",,
True,Wales,0,-3.8749545,Europe,,GB,52.79398,"of Nannau, Llanfachreth, Merionethshire, Wales",,
True,Wales,0,-3.3671284,Europe,,GB,53.1097895,"of, Llansannan, Denbighshire, Wales",,
True,United Kingdom,0,-3.3671284,Europe,,GB,53.1097895,"Oswestry, Denbighshire, Wales, United Kingdom",,
True,United Kingdom,0,-3.3671284,Europe,,GB,53.1097895,"Dinmael, Llangwm, Denbighshire, Wales, United Kingdom",,
True,Wales,0,-3.4649973,Europe,,GB,52.6152731,"Guilsfield, Montgomeryshire, Wales",,
True,Wales,0,-3.8436844,Europe,,GB,53.2905864,"of Glyn Llifon, Llandwrog, Caernarvonshire, Wales",,
True,United Kingdom,0,-3.8430032,Europe,,GB,53.2907066,"Caernarfonshire, Wales, United Kingdom",,
True,Wales,0,-4.3319194,Europe,,GB,53.2782258,"Tregarnedd, Llangevni, Anglesey, Wales",,
True,Wales,0,-4.3114568,Europe,,GB,53.2560986,"Llangefni, Anglesey, Wales",,
True,Wales,0,-3.1865066,Europe,,GB,53.2257332,"Halkyn, Flintshire, Wales",,
True,Wales,0,-3.2147508,Europe,,GB,53.1361273,"Llys-y-cil, Llanferres, Denbighshire, Wales",,
True,United Kingdom,0,-2.8333331,Europe,,GB,51.7501058,"Llanofer Fawr, Monmouthshire, Wales, United Kingdom",,
True,Wales,0,-3.2373987,Europe,,GB,51.6418098,"Ystrad, Glamorgan, Wales",,
True,United Kingdom,0,-3.8390174,Europe,,GB,52.2751973,"Strata Florida, Cardiganshire, Wales, United Kingdom",,
True,Wales,0,-3.8390174,Europe,,GB,52.2751973,"St Mary Churchyard, Strata Florida, Cardiganshire, Wales",,
True,England,0,-0.3134414,Europe,,GB,50.8829329,"Bramber, Sussex, England",,
True,Wales,0,-3.008586,Europe,,GB,52.2747215,"Llanbadarn-Fawr, Radnorshire, Wales",,
True,Wales,0,-3.8390174,Europe,,GB,52.2751973,"St. Mary Churchyard, Strata Florida, , Ceredigion, Wales",,
True,United Kingdom,0,-3.952781,Europe,,GB,52.2945764,"Llannerch Aeron, Cardiganshire, Wales, United Kingdom",,
True,England,0,-1.1847653,Europe,,GB,52.6849138,"Leicestershire, England",,
True,England,0,-0.5404819,Europe,,GB,53.2293545,"Lincoln, Lincolnshire, England",,
True,Wales,0,-3.3854408,Europe,,GB,51.9489737,"Talgarth, Breconshire, Wales",,
True,Wales,0,-4.916667,Europe,,GB,51.8339209,"St. David's, Pebidiog, Pembrokeshire, Wales",,
True,United Kingdom,0,-2.8333331,Europe,,GB,51.7501058,"Machen, Monmouthshire, Wales, United Kingdom",,
True,Wales,0,-2.8333331,Europe,,GB,51.7501058,"Caerleon, Monmouthshire, Wales",,
True,,1,-3.1305139,,,NONE,51.6808582,"Dehewbarth, South Wales",,
True,Wales,0,-3.3988831,Europe,,GB,51.4470646,"Cibwr, Glamorgan, Wales",,
True,England,0,-2.6398283,Europe,,GB,51.7373356,"St Briavels, Gloucestershire, England",,
True,Wales,0,-3.2419248,Europe,,GB,51.5202413,"of, , Glamorganshire, Wales",,
True,,1,-3.507654,,,NONE,51.5290415,{Iestyn},,
True,Wales,0,-3.702071,Europe,,GB,51.6445562,"Afan, Wales",,
True,Wales,0,-3.702071,Europe,,GB,51.6445562,"Afan, Neath Port Talbot, Wales",,
True,United Kingdom,0,-3.3988831,Europe,,GB,51.4470646,"Senghenydd, Glamorgan, Wales, United Kingdom",,
True,Wales,0,-3.2419248,Europe,,GB,51.5202413,"Afan cantref, Glamorganshire, Wales",,
True,Wales,0,-3.702071,Europe,,GB,51.6445562,"Afan, Glamorgan, Wales",,
True,Wales,0,-3.2419248,Europe,,GB,51.5202413,"Glynogwr, Gwrinydd, Glamorganshire, Wales",,
True,Wales,0,-4.0139694,Europe,,GB,52.4746376,"of, Genau'r-glyn, Cardiganshire, Wales",,
True,,1,10.0,,,NONE,51.0,Europa,,
True,Wales,0,-3.3854408,Europe,,GB,51.9489737,"Llangatwg, Breconshire, Wales",,
True,Wales,0,-3.3988831,Europe,,GB,51.4470646,"Coity, Glamorgan, Wales",,
True,United Kingdom,0,-3.1988507,Europe,,GB,51.5916477,"Bedwas, Caerphilly, Wales, United Kingdom",,
True,Wales,0,-3.3854408,Europe,,GB,51.9489737,"Crucywel, Llangatwg, Breconshire, Wales",,
True,Wales,0,-3.3988831,Europe,,GB,51.4470646,"Rhondda, Glamorgan, Wales",,
True,Wales,0,-3.3760328,Europe,,GB,51.4470792,"Llantrithyd, Glamorgan, Wales",,
True,Wales,0,-3.2419248,Europe,,GB,51.5202413,"Senghennydd cantref, Glamorganshire, Wales",,
True,Wales,0,-3.3854408,Europe,,GB,51.9489737,"Glyntawe, Breconshire, Wales",,
True,United Kingdom,0,-3.000007,Europe,,GB,51.6666717,"Gwent, Wales, United Kingdom",,
True,Wales,0,-3.1628298,Europe,,GB,52.2152543,"Of, , Radnor, Wales",,
True,Wales,0,-3.4993597,Europe,,GB,53.2989083,"of Clwyd, Wales",,
True,United Kingdom,0,-3.166204,Europe,,GB,51.443132,"Clwyd, Wales, United Kingdom",,
True,United Kingdom,0,-1.3131692,Europe,,GB,51.0612766,"Winchester, Hampshire, England, United Kingdom",,
True,France,0,0.3138532,Europe,,FR,49.0677708,"Normandie, France",,
True,France,0,0.3138532,Europe,,FR,49.0677708,", Normandy, France",,
True,,1,0.3138532,,,NONE,49.0677708,"Mount Gomeric, Normandy, France.",,
True,Wales,0,-4.0035104,Europe,,GB,51.8814303,"Llandyfeisant, Carmarthenshire, , Wales",,
True,Wales,0,-3.3671284,Europe,,GB,53.1097895,"Llanrwst, Denbighshire, Wales",,
True,United Kingdom,0,-4.0035104,Europe,,GB,51.8814303,"Llandyfeisant, Carmarthenshire, Wales, United Kingdom",,
True,United Kingdom,0,-4.3478711,Europe,,GB,53.2781603,"West Wales, Wales, United Kingdom",,
True,Wales,0,-3.73893,Europe,,GB,52.2928116,"Deheuberth, Wales",,
True,United Kingdom,0,-3.008586,Europe,,GB,52.2747215,"Radnorshire, Wales, United Kingdom",,
True,Ireland,0,-6.9918183,Europe,,IE,53.118465,", Leinster, Ireland",,
True,Wales,0,-4.0416831,Europe,,GB,51.8720371,"Dynevor Castle, Llandilo, Carmarthenshire, Wales",,
True,Wales,0,-4.3115907,Europe,,GB,51.8591257,"Dynevor-Llandyfeisant, Carmarthen, Wales",,
True,England,0,-2.6435641,Europe,,GB,52.6523394,"Lower Maesbrook, Shropshire, England",,
True,Wales,0,-3.008586,Europe,,GB,52.2747215,"Radnorshire, Wales",,
True,Wales,0,-3.008586,Europe,,GB,52.2747215,"Of, , Radnorshire, Wales",,
True,Ireland,0,-6.2545,Europe,,IE,53.3411249,"Leinster, Dublin, Ireland",,
True,Wales,0,-3.8436844,Europe,,GB,53.2905864,"Creuddyn, Caernarvonshire, Wales",,
True,Wales,0,-3.1402189,Europe,,GB,53.2165096,", Flintshire, Wales",,
True,Wales,0,-3.1402189,Europe,,GB,53.2165096,"Tegaingl, Flintshire, Wales",,
True,Wales,0,-3.1402189,Europe,,GB,53.2165096,"Tegeingl cantref, Flintshire, Wales",,
True,Wales,0,-3.1402189,Europe,,GB,53.2165096,"Tegaingl, Flintshire, , Wales",,
True,France,0,2.3029846,Europe,,FR,49.8927775,"Y Somme, Picardie, France",,
True,Wales,0,-3.4649973,Europe,,GB,52.6152731,"of, , Montgomeryshire, Wales",,
True,Wales,0,-3.8436844,Europe,,GB,53.2905864,"Caernarvonshire, Wales",,
True,Wales,0,-3.1650851,Europe,,GB,53.2661553,"Tegeingl, Flintshire, , Wales",,
True,Wales,0,-3.73893,Europe,,GB,52.2928116,"Dynevor Castle, Llandilo, Carmarthshire, Wales",,
True,Wales,0,-3.008586,Europe,,GB,52.2747215,", Radnorshire, Wales",,
True,Wales,0,-3.3553352,Europe,,GB,52.32715,", Powys, Wales",,
True,Wales,0,-3.8335244,Europe,,GB,52.9089585,"Caernarvonshire, Gwynedd, Wales",,
True,Wales,0,-3.73893,Europe,,GB,52.2928116,"Cairnarvonshire, Wales",,
True,Wales,0,-3.2851826,Europe,,GB,51.4106442,"of Glamorgan, Wales",,
True,,1,-3.3671284,,,NONE,53.1097895,Denbighshire Wales UK,,
True,Wales,0,-3.1402189,Europe,,GB,53.2165096,"of, Tegeingl ctf, Flintshire, Wales",,
True,Wales,0,-4.5274092,Europe,,GB,51.9089723,"Llanwinio, Carmarthenshire, Wales",,
True,Wales,0,-3.947941,Europe,,GB,51.8843478,"Gwynfe, Llangadog, Carmarthenshire, Wales",,
True,United Kingdom,0,-4.2172827,Europe,,GB,51.8936699,"Bangor, Carmarthenshire, Wales, United Kingdom",,
True,Wales,0,-3.73893,Europe,,GB,52.2928116,", , , Wales",,
True,,1,-3.1402189,,,NONE,53.2165096,"Tegeingi, Flintshire Wales",,
True,,1,-3.035703,,,NONE,52.7841649,Maesbrook Kinnerley Shropshire England UK,,
True,,1,-4.2172827,,,NONE,51.8936699,"Derllys cmt, Carmarthenshire, Wales UK",,
True,Wales,0,-3.73893,Europe,,GB,52.2928116,"Denbigshire, Wales",,
True,Wales,0,-4.2172827,Europe,,GB,51.8936699,"Dynevor Castle, Carmarthenshire, Wales",,
True,England,0,-0.6040419,Europe,,GB,51.4837886,"Windsor, Berkshire, , England",,
True,United Kingdom,0,-3.1474836,Europe,,GB,52.562033,"Montgomery, Powys, Wales, United Kingdom",,
True,Wales,0,-3.008586,Europe,,GB,52.2747215,"Radnorshire, , Wales",,
True,Wales,0,-3.4649973,Europe,,GB,52.6152731,"of, Arwystli, Montgomeryshire, Wales",,
True,Wales,0,-3.9925144,Europe,,GB,51.8853935,"Dynevor Castle, Llandeilo, Carmarthenshire, Wales",,
True,England,0,-2.7686972,Europe,,GB,51.4818832,"Abergavenny Cstl, , Monmouthshire, England",,
True,Wales,0,-4.2769751,Europe,,GB,53.1394364,"Caernarfon, Gwynedd, Wales",,
True,Wales,0,-3.8077748,Europe,,GB,52.0695965,"of, Cil-y-cwm, Carmarthenshire, Wales",,
True,,1,-3.8437085,,,NONE,52.0632011,"Cil-y-cwm, Carmarthenshire, Wales UK",,
True,Wales,0,-3.000007,Europe,,GB,51.6666717,"Glamorganshire, Gwent, Wales",,
True,,1,-6.9918183,,,NONE,53.118465,"Leinster, Irlanda",,
True,Wales,0,-4.2172827,Europe,,GB,51.8936699,"of Tre-lech, Tre-lech a'r Bet, Carmarthenshire, Wales",,
True,Wales,0,-4.3296398,Europe,,GB,51.8568456,"of Dyfed, Wales",,
True,Wales,0,-3.1673701,Europe,,GB,51.444046,"Gwynfe, Dyfed, Wales",,
True,Wales,0,-3.8783629,Europe,,GB,51.9382324,"Llangadog Fawr, Carmarthenshire, Wales",,
True,Wales,0,-4.5334272,Europe,,GB,53.3703716,"Menai, Anglesey, Wales",,
True,Wales,0,-3.4197996,Europe,,GB,53.2834435,"Is, Denbighshire, Wales",,
True,Wales,0,-3.4649973,Europe,,GB,52.6152731,"of Meifod, Montgomeryshire, Wales",,
True,Wales,0,-4.9144858,Europe,,GB,51.6754422,"Pembroke, Pembrokeshire, , Wales",,
True,France,0,2.3738855,Europe,,FR,49.9689482,"Somme, Picardie, France",,
True,Italy,0,12.4829321,Europe,,IT,41.8933203,"Roma, Lazio, Italy",,
True,Wales,0,-4.1485939,Europe,,GB,51.8414094,"of Carmarthenshire, Wales",,
True,Wales,0,-3.1474836,Europe,,GB,52.562033,"Machynllth, Montgomery, Wales",,
True,United Kingdom,0,-3.4649973,Europe,,GB,52.6152731,"Cefn, Montgomeryshire, Wales, United Kingdom",,
True,Wales,0,-3.1474836,Europe,,GB,52.562033,"Arwystli, Montgomery, Wales",,
True,Wales,0,-3.1474836,Europe,,GB,52.562033,"of Arwystli, Montgomery, Wales",,
True,Wales,0,-3.4649973,Europe,,GB,52.6152731,"of Montgomery, Montgomeryshire, Wales",,
True,Wales,0,-3.4649973,Europe,,GB,52.6152731,"of, Trefeglwys, Montgomeryshire, Wales",,
True,Wales,0,-3.4649973,Europe,,GB,52.6152731,"Talgarth, Trefeglwys, Montgomeryshire, Wales",,
True,Wales,0,-3.4649973,Europe,,GB,52.6152731,"Cyfeiliog, Montgomeryshire, Wales",,
True,Wales,0,-3.4649973,Europe,,GB,52.6152731,"of, Meifod, Montgomeryshire, Wales",,
True,Wales,0,-3.3671284,Europe,,GB,53.1097895,"Llansannan, Denbighshire, Wales",,
True,Wales,0,-3.2419248,Europe,,GB,51.5202413,"of, Afan, Glamorganshire, Wales",,
True,United Kingdom,0,-4.0188008,Europe,,GB,51.876822,"Dinefwr, Carmarthenshire, Wales, United Kingdom",,
True,Wales,0,-3.4178289,Europe,,GB,53.1853776,"Dehewbarth, Denbigh, Wales",,
True,Wales,0,-2.8333331,Europe,,GB,51.7501058,"Bedwas, Monmouthshire, Wales",,
True,Wales,0,-3.2419248,Europe,,GB,51.5202413,"Meisgyn Penychen, Glamorganshire, Wales",,
True,Wales,0,-3.2147508,Europe,,GB,53.1361273,"of Llys-y-cil, Llanferres, Denbighshire, Wales",,
True,,0,,,1767475741.3974228,,,Europe,,True
True,,0,,,1767475742.1716032,,,{Grffdd ap Cynn},,True
True,,0,,,1767475743.290523,,,{Lln ap Gwrgan},,True
True,,0,,,1767475744.4089818,,,Penhros Upper Gwent Wales,,True
True,,0,,,1767475745.3911314,,,Aron Fraich Hr,,True
True,,0,,,1767475746.2156556,,,Possibly Norway,,True
True,,0,,,1767475747.2433019,,,{Rhys Gch of YY},,True
True,,0,,,1767475748.1987083,,,slain by the Meath men at Donlah,,True
True,,0,,,1767475749.2624705,,,Maelor Gymraeg Denbighshire Wales,,True
True,,0,,,1767475750.172936,,,{Blddn ap Cnfn},,True
True,,0,,,1767475751.2727633,,,battle of MECHAIN,,True
True,,0,,,1767475752.1730509,,,{Drymbenog Wales,,True
True,,0,,,1767475753.2228048,,,{Ieuan Tew Fawr},,True
True,,0,,,1767475754.2526677,,,{Tudur Trefor},,True
True,,0,,,1767475755.2254424,,,{Llawr Grach}Wales,,True
True,,0,,,1767475756.4377728,,,after 3 days of illness - in Dublin,,True
True,,0,,,1767475757.1888535,,,{Cynf ap Dlffyn},,True
True,,0,,,1767475758.174897,,,{Blddn ap Mnrch},,True
True,,0,,,1767475759.182561,,,Tegeingi cantref Flintshire Wales,,True
True,,0,,,1767475760.3394706,,,{Rhydderch ap T},,True
True,,0,,,1767475761.1729047,,,{Elstn Gldrdd},,True
True,,0,,,1767475762.1794932,,,{Trhrn ap Crdg},,True
True,,0,,,1767475763.1749213,,,{Enn ap Gllwn},,True
True,,0,,,1767475764.1761572,,,{Cdfr ap Dnwl},,True
True,,0,,,1767475765.1722457,,,{Cydifor Fawr},,True
True,,0,,,1767475766.1721838,,,{Ednywain Bndw},,True
True,,0,,,1767475767.1900647,,,{Gwyn ap Grffdd},,True
True,,0,,,1767475768.1888402,,,Masbrook Kinnerlay Shropshire E ngland UK,,True
True,,0,,,1767475769.1772237,,,Cydifor Fawr,,True
True,,0,,,1767475770.1912763,,,{Llawr Grach},,True
True,,0,,,1767475771.5148072,,,{Tribe: Llywarch ap Brân},,True
True,,0,,,1767475772.169996,,,{Lln Eurdorchog},,True
True,,0,,,1767475773.1720543,,,Elstn Gldrdd,,True
True,,0,,,1767475774.1721854,,,Arwystli (Montgomerishire) Wales,,True
True,,0,,,1767475775.1723871,,,{Cilmin Droetu},,True
True,,0,,,1767475776.1843615,,,{Trahaearn Fawr},,True
True,,0,,,1767475777.8287394,,,France or Montgomery Wales,,True
True,,0,,,1767475779.4963725,,,"Montgomeryshire, Wales or Ireland",,True
True,,0,,,1767475780.4453092,,,Dublin or MONMOUTH Wales,,True
True,,0,,,1767475781.1855135,,,Maelor Gymeaeg Denbighshire Wales UK,,True
True,,0,,,1767475782.369726,,,Maelor Gymraeg Denbighshire Wales UK,,True
True,,0,,,1767475783.3494594,,,Maesbrook Kinnerly Shropshire England UK,,True
