alt_addr,found_country,continent,longitude,no_result,latitude,address,country_name,timestamp,used,country_code
,True,Europe,-1.5863917,,53.6923011,"Gawthorpe, Yorkshire, England",England,,0,GB
,True,Europe,-1.510442,,53.9009367,"Harewood, Yorkshire, England",England,,0,GB
,True,Europe,-0.1404619,,48.4695247,"Maine, Normandy, France",France,,0,FR
,True,Europe,-4.9068527,,56.1085281,"Carrick, Argyll, Scotland",Scotland,,0,GB
,True,Europe,-4.1140518,,56.7861112,Scotland,Scotland,,0,GB
,True,Europe,0.3138532,,49.0677708,"Carrick, Argyllshire, Scotland or Bruis, Normandy, France",France,,0,FR
,True,Europe,-3.2620207,,54.9873333,"Annan, Dumfries, Scotland",Scotland,,0,GB
,True,,-2.9202408,,48.2640845,"Brittany, France.",,,1,NONE
,True,Europe,10.4416421,,59.3685194,"Norway, Vestfold, Norway",Norway,,0,NO
,True,Europe,10.2662616,,59.1954857,"Vestfold, Norway",Norway,,0,NO
,True,Europe,1.934877,,47.8343976,"Blois, Loir-et-Cher, Orleanais/Centre, France",France,,0,FR
,True,Europe,4.0746257,,48.2971626,"Troyes, Aube, Champagne, France",France,,0,FR
,True,Europe,1.8324985,,48.1895421,"Chartres, Eure-et-Loir, Beauce/Centre, France",France,,0,FR
,True,,-3.1296944,,58.9418231,"Orkney, Scotland.",,,1,NONE
,True,Europe,-2.5918733,,59.1519411,"Killed, Papa Stronsay, Orkney Islands, Scotland",Scotland,,0,GB
,True,Europe,97.7453061,,64.6863136,Russia,Russian Federation,,0,RU
,True,,14.5208584,,59.6749712,"Gothland, Sweden.",,,1,NONE
,True,Europe,-6.1968538,,53.3608138,"Clontarf, Ireland",Ireland,,0,IE
,True,,-2.9793516,,58.8082603,"Orkney Islands, Norse Orkney",,,1,NONE
,True,,-3.1296944,,58.9418231,"Hoxa, Ronaldsey, Orkney",,,1,NONE
,True,,0.3138532,,49.0677708,"Rouen, Seine-Inferieure, Normandy",,,1,NONE
,True,Europe,-1.6800198,,48.1113387,"Rennes, Ille-et-Vilaine, Bretagne, France",France,,0,FR
,True,,4.2224863,,47.2780873,Burgundy France,,,1,NONE
,True,Europe,1.3337639,,47.5876861,"Blois, France",France,,0,FR
,True,Europe,-1.6253248,,49.6281356,"Vermandois, Normandy, France",France,,0,FR
,True,Europe,1.8883335,,46.603354,"Abbaye du Mont-Saint-Michael, France",France,,0,FR
,True,Europe,6.607823,,50.3485994,"Aachen, Rhineland, Prussia",Germany,,0,DE
,True,,9.1896346,,45.4641943,"Milan, Italy.",,,1,NONE
,True,Europe,3.35743,,49.4020469,"Quierzy, Département de l'Aisne, Picardie, France",France,,0,FR
,True,Europe,5.0701814,,49.7948301,"Liège, Walloon Region, Belgium",Belgium,,0,BE
,True,Europe,-1.7954134,,51.0690613,"Salisbury, Wiltshire, England",England,,0,GB
,True,Europe,-1.4712148,,52.7471344,"Ashby, Leicestershire, England",England,,0,GB
,True,Europe,-3.133089,,47.5580242,"Penthievre, Morbihan, Bretagne, France",France,,0,FR
,True,Europe,-1.5001047,,47.3037138,"Fecamp, Seine-Inferieure, France",France,,0,FR
,True,Europe,1.8883335,,46.603354,"Killed by Arnulf I de Flanders near Picquigny-sur-Somme, France",France,,0,FR
,True,Europe,-2.9202408,,48.2640845,"Bretagne, France",France,,0,FR
,True,Europe,11.5030226,,64.4680762,"Maer, Nord-Trondelag, Norway",Norway,,0,NO
,True,Europe,0.3138532,,49.0677708,"Notre Dame, Rouen, Seine-Inferieure, Normandy, France",France,,0,FR
,True,Europe,1.1510164,,49.0268903,"Evreux, Eure, Normandy, France",France,,0,FR
,True,Europe,-0.7024738,,49.2764624,"Bayeux, Calvados, Normandie, France",France,,0,FR
,True,Europe,3.2876843,,49.8465253,"St Quentin, Aisne, Picardy, France",France,,0,FR
,True,Europe,10.0979869,,44.6952006,"Parma, Italy",Italy,,0,IT
,True,Europe,1.6168061,,49.2703704,"Vexin, Normandy, France",France,,0,FR
,True,Europe,0.1967849,,48.0073849,"Mans, France",France,,0,FR
,True,Europe,3.327613,,49.3837621,"Soissons, Aisne, France",France,,0,FR
,True,Europe,7.5543751,,51.4789205,"Westphalia, Germany",Germany,,0,DE
,True,Europe,-1.5589881,,53.8708374,"Alwoodley, Yorkshire, England",England,,0,GB
,True,Europe,-1.584959,,53.8479388,"Gawthorpe Hall, West Riding of Yorkshire, England",England,,0,GB
,True,Europe,-1.38525,,53.9825271,"Lasingcroft, Yorkshire, England",England,,0,GB
,True,Europe,-1.38525,,53.9825271,"Yorkshire, England",England,,0,GB
,True,Europe,-1.2649062,,52.5310214,England,England,,0,GB
,True,Europe,0.3138532,,49.0677708,"Normandy, France",France,,0,FR
,True,Europe,0.3333333,,43.6666667,"Gascony, France",France,,0,FR
,True,Europe,-0.1839979,,44.2462064,"Gascoigne, Aquitaine, France",France,,0,FR
,True,Europe,-1.5124897,,54.2257498,"Kirklington, North Yorkshire, England",England,,0,GB
,True,Europe,0.340196,,46.5802596,"Poitiers, Vienne, Poitou-Charentes, France",France,,0,FR
,True,Europe,1.8883335,,46.603354,France,France,,0,FR
,True,,-0.1839979,,44.2462064,Aquitaine,,,1,NONE
,True,Europe,-1.3949975,,50.9155734,"Wessex, England",England,,0,GB
,True,Europe,6.1675872,,49.3579272,"Diedenhofen, Moselle, Lorraine, France",France,,0,FR
,True,,-1.25,,51.833333,"Wanating, now Wantage, Oxfordshire",,,1,NONE
,True,Europe,11.5030226,,64.4680762,"Maer, Sparbu, Nord Trondelag, Norway",Norway,,0,NO
,True,Europe,10.1585603,,63.3865692,"Oppland, Norway",Norway,,0,NO
,True,Europe,5.6345712,,58.8390063,"Jutland, Norway",Norway,,0,NO
,True,Europe,2.399125,,47.0811658,"Bourges, Centre, France",France,,0,FR
,True,Europe,-2.118804,,48.2688416,"Valois, Bretagne, France",France,,0,FR
,True,Europe,0.6889268,,47.3900474,"Tours, Indre-et-Loire, Touraine/Centre, France",France,,0,FR
,True,Europe,3.606899,,49.4532855,"Aisne, Picardy, France",France,,0,FR
,True,Europe,1.9086066,,47.9027336,"Orléans, Loiret, Centre, France",France,,0,FR
,True,Europe,-0.8248132,,52.3403406,"Orlinbury, Walgrave, Northampton, England",England,,0,GB
,True,Europe,-0.9028043,,52.2343297,"Northampton, Northamptonshire, England",England,,0,GB
,True,Europe,-0.865913,,52.3106138,"Northamptonshire, England",England,,0,GB
,True,Europe,-1.706679,,52.4986469,"Coleshill, Warwickshire, England",England,,0,GB
,True,Europe,-1.6900919,,52.909683,"Barton, Derbyshire, England",England,,0,GB
,True,Europe,-1.0143987,,52.9739527,"Shelford, Nottinghamshire, England",England,,0,GB
,True,Europe,-0.865913,,52.3106138,"Great Weldon, Northamptonshire, England",England,,0,GB
,True,Europe,-0.865913,,52.3106138,"Witering, Northamptonshire, England",England,,0,GB
,True,Europe,-1.031873,,51.4534889,"Wallingord, Berkshire, England",England,,0,GB
,True,,8.651177,,49.872775,"Ingelheim, Rheinhessen, Hesse-Darmstadt",,,1,NONE
,True,Europe,6.0925408,,50.8737646,"Aix-la-Chapelle (Aachen), Germany",Germany,,0,DE
,True,Europe,-1.8727461,,47.3481615,"Rheims, Mame, Loire-Atlantique, France",France,,0,FR
,True,Europe,2.3420378,,48.8867203,"Saint-Pierre Church, Paris, France",France,,0,FR
,True,Europe,4.2224863,,47.2780873,"Bourgogne, France",France,,0,FR
,True,Europe,0.6889268,,47.3900474,"Tours, France",France,,0,FR
,True,Europe,1.8883335,,46.603354,"Thuringia, France",France,,0,FR
,True,,10.7605538,,59.9332475,0473,,,1,NONE
,True,,4.2224863,,47.2780873,Burgundy,,,1,NONE
,True,Europe,2.7054865,,48.8252181,"Paris, Seine, France",France,,0,FR
,True,Europe,-1.8727461,,47.3481615,"Braines, Loire Atlantique, France",France,,0,FR
,True,Europe,5.0414701,,47.3215806,"Dijon, Burgundy, France",France,,0,FR
,True,Europe,3.160983,,50.7007285,"Alsace, France",France,,0,FR
,True,,-71.7478468,,44.2273919,Franconia,,,1,NONE
,True,Europe,10.4478313,,51.1638175,"Old Saxony, Germany",Germany,,0,DE
,True,Europe,2.320041,,48.8588897,"Paris, France",France,,0,FR
,True,Europe,1.8883335,,46.603354,"Moselle, Austrasia, France",France,,0,FR
,True,,2.3483915,,48.8534951,Paris,,,1,NONE
,True,,-0.0788246,,51.4975728,"Bermondsey, Abbey",,,1,NONE
,True,Europe,-0.1319441,,51.4981579,"Westminster, Abbey, London, England",England,,0,GB
,True,Europe,-0.6040419,,51.4837886,"Windsor Castle, Berkshire, England",England,,0,GB
,True,,116.2647403,,39.9900983,Sheen Palace,,,1,NONE
,True,,3.5234846,,50.3579317,Valenciennes,,,1,NONE
,True,Europe,-0.6040419,,51.4837886,"Windsor Castle, Windsor, Berkshire, England",England,,0,GB
,True,Europe,4.3997081,,51.2211097,"Antwerp, Belgium",Belgium,,0,BE
,True,Europe,-6.2605593,,53.3493795,"Dublin, Ireland",Ireland,,0,IE
,True,,3.7250121,,51.0538286,Ghent,,,1,NONE
,True,,-1.140593,,52.6323702,Leicester Castle,,,1,NONE
,True,,-0.4503027,,51.7135573,"Kings Langley, Herts",,,1,NONE
,True,,-74.1182492,,42.0410578,Woodstock,,,1,NONE
,True,,1.8538446,,50.9524769,Calais,,,1,NONE
,True,Europe,-3.6006234,,55.977167,"Linlithgow, Scotland",Scotland,,0,GB
,True,Europe,-3.9360012,,56.1181242,"Stirling, Scotland",Scotland,,0,GB
,True,,1.2948722,,52.6299284,Bedfords,,,1,NONE
,True,Europe,-0.1387624,,51.4977609,"Westminster, Palace, London, England",England,,0,GB
,True,,-2.9192473,,54.913312,Near Carlisle,,,1,NONE
,True,,-78.0544514,,42.6289515,Castile,,,1,NONE
,True,,-0.2031209,,53.1823034,"Herdeby, Near Grantham, Lincolnshire",,,1,NONE
,True,Asia,35.0494777,,31.5197847,"Acre, Palestine","Palestine, State of",,0,PS
,True,Europe,0.5820634,,52.0793283,"Clare, Suffolk, England",England,,0,GB
,True,,-117.1057795,,32.7432193,"Marlborough, Castle",,,1,NONE
,True,Europe,1.3784493,,51.2189247,"Grey Friars, Church, London, England",England,,0,GB
,True,,-1.3131692,,51.0612766,Winchester,,,1,NONE
,True,,-1.3201176,,51.064366,"Winchester, Castle",,,1,NONE
,True,,5.4474738,,43.5298424,Aix-en-Provence,,,1,NONE
,True,,-1.7706128,,51.1706875,"Amesbury, Wiltshire",,,1,NONE
,True,,-70.9300921,,42.8579536,"Convent Church, Amesbury",,,1,NONE
,True,Europe,-0.1277653,,51.5074456,"London, England",England,,0,GB
,True,,-1.4736657,,43.4945144,Bayonne,,,1,NONE
,True,,-96.7077751,,40.8088861,Lincoln,,,1,NONE
,True,Europe,0.4646698,,51.7704679,"Barking Abbey, Essex, England",England,,0,GB
,True,Europe,-7.9794599,,52.865196,"Meath, Eire, Ireland",Ireland,,0,IE
,True,,0.7210362,,51.2070749,Kent,,,1,NONE
,True,,-8.4726423,,51.8985136,Cork,,,1,NONE
,True,Europe,-3.73893,,52.2928116,Wales,Wales,,0,GB
,True,Europe,-1.2578499,,51.7520131,"Beaumont Palace, Oxford, England",England,,0,GB
,True,Europe,-0.8131753,,53.0802549,"Newark Castle, Newark, Nottinghamshire, England",England,,0,GB
,True,,-2.2201692,,52.1895377,"Worcester, Cathedral",,,1,NONE
,True,,0.1561947,,45.6484505,Angouleme,,,1,NONE
,True,,0.0378807,,47.1813534,Fontevraud,,,1,NONE
,True,,0.1967849,,48.0073849,Le Mans,,,1,NONE
,True,,0.2402095,,47.1667182,Chinon,,,1,NONE
,True,,13.4357119,,52.598712,Bordeaux/Berlin,,,1,NONE
,True,,-0.6473487,,48.5931801,"Domfront, Normandy",,,1,NONE
,True,,-3.696977,,42.343926,Burgos,,,1,NONE
,True,Europe,-0.1999129,,48.8964741,"Falaise, Normandy, France",France,,0,FR
,True,Europe,1.8883335,,46.603354,"Near Rouen, France",France,,0,FR
,True,,-0.3635615,,49.1813403,"St Stephen Abbey, Caen, Normandy",,,1,NONE
,True,Europe,2.7451212,,50.6112375,"Flanders, France",France,,0,FR
,True,,-0.3635615,,49.1813403,Caen,,,1,NONE
,True,,-0.2040307,,48.9055604,"Holy Trinity, Abbey, Caen",,,1,NONE
,True,Europe,-1.0990407,,53.785097,"Selby, Yorkshire, England",England,,0,GB
,True,,-0.9650458,,51.456203,Reading Abbey,,,1,NONE
,True,,-3.4616183,,56.0713724,Dunfermline,,,1,NONE
,True,,0.4310474,,47.6995205,Chateau-du-Loir,,,1,NONE
,True,Europe,-0.6040419,,51.4837886,"Wallingford, Castle, Berkshire, England",England,,0,GB
,True,,-6.2605593,,53.3493795,Dublin,,,1,NONE
,True,Europe,-4.5947131,,55.5778033,"Dundonald, Ayrshire, Scotland",Scotland,,0,GB
,True,Europe,-3.4616183,,56.0713724,"Dunfermline, Scotland",Scotland,,0,GB
,True,Europe,-3.1883749,,55.9533456,"Edinburgh, Scotland",Scotland,,0,GB
,True,Europe,-2.4561649,,55.5966085,"Roxburgh Castle, Scotland",Scotland,,0,GB
,True,,-0.0991304,,51.5155459,St. Paul's,,,1,NONE
,True,,10.5348215,,52.1625283,Wolfenbuttel,,,1,NONE
,True,Europe,12.3950911,,55.9821565,"Fredensborg, Denmark",Denmark,,0,DK
,True,Europe,12.5700724,,55.6867243,"Copenhagen, Denmark",Denmark,,0,DK
,True,Europe,12.5800406,,55.6756505,"Christiansborg, Denmark",Denmark,,0,DK
,True,,9.4333264,,54.7833021,Flensborg,,,1,NONE
,True,,9.4978479,,51.3157833,Cassel,,,1,NONE
,True,,12.5700724,,55.6867243,Copenhagen,,,1,NONE
,True,,12.3063909,,55.9285735,Frederiksborg,,,1,NONE
,True,Europe,9.4997871,,55.2500715,"Haderslev, Denmark",Denmark,,0,DK
,True,,10.3428415,,51.6565219,Herzberg,,,1,NONE
,True,,15.4716503,,58.5649996,Gottorp,,,1,NONE
,True,,-58.013347,,6.7855644,Coldingen,,,1,NONE
,True,,9.7897999,,54.9089186,Sonderburg,,,1,NONE
,True,Europe,2.0426301,,48.9274192,"Poissy, France",France,,0,FR
,True,,2.8953121,,42.6985304,Perpignan,,,1,NONE
,True,Europe,2.3627508,,48.9383732,"St. Denis, France",France,,0,FR
,True,,10.1408787,,36.8107673,"Tunis, Africa",,,1,NONE
,True,,-2.716577,,51.14804,Glastonbury,,,1,NONE
,True,,1.4840715,,52.1169259,Hertfords,,,1,NONE
,True,,-2.9202408,,48.2640845,Brittany,,,1,NONE
,True,Europe,2.6608169,,48.539927,"Abbey Barbeaux, Melun, France",France,,0,FR
,True,Europe,2.7015872,,48.4049375,"Fontainebleau, France",France,,0,FR
,True,,-2.7151735,,52.0553813,Hereford,,,1,NONE
,True,,-77.2741121,,36.9096897,Sussex,,,1,NONE
,True,,-0.166965,,51.5008444,Knightsbridge,,,1,NONE
,True,Europe,-6.5884245,,53.6497514,"Meath, Ireland",Ireland,,0,IE
,True,,-78.7792394,,35.8275458,Wessex,,,1,NONE
,True,Europe,-1.3373194,,51.0201383,"Mercia, England",England,,0,GB
,True,Europe,-0.3868731,,52.7705726,"Mercia, Lincolnshire, England",England,,0,GB
,True,,-3.9360012,,56.1181242,Stirling,,,1,NONE
,True,Europe,-3.3391095,,56.7661548,"Atholl, Perthshire, Scotland",Scotland,,0,GB
,True,Europe,-3.3391095,,56.7661548,"Dunkeld, Perthshire, Scotland",Scotland,,0,GB
,True,Europe,-3.3391095,,56.7661548,"Perth, Perthshire, Scotland",Scotland,,0,GB
,True,Europe,1.8883335,,46.603354,"Gonesse, Nr: Paris, France",France,,0,FR
,True,Europe,1.8883335,,46.603354,"Vitry-en-Brie, France",France,,0,FR
,True,Europe,1.9086066,,47.9027336,"Orleans, France",France,,0,FR
,True,Europe,1.5322266,,48.6485761,"Nogent-le-Roi, France",France,,0,FR
,True,Europe,0.1967849,,48.0073849,"Le Mans, France",France,,0,FR
,True,Europe,2.4396714,,48.8474508,"Vincennes, France",France,,0,FR
,True,Europe,0.3333333,,43.6666667,"Toulouse, Gascony, France",France,,0,FR
,True,,-95.4933307,,29.5463995,Modano,,,1,NONE
,True,Europe,-0.1876332,,51.505099,"Kensington, Palace, London, England",England,,0,GB
,True,Europe,-1.2700819,,50.7505772,"Osborne House, Isle of Wight, England",England,,0,GB
,True,Europe,-0.5982911,,51.4740348,"Royal Mausoleum, Frogmore, Berkshire, England",England,,0,GB
,True,Europe,10.4478313,,51.1638175,"Schloss Rosenau, Near Coburg, Germany",Germany,,0,DE
,True,Europe,-0.597552,,51.4756084,"Royal Masoleum, Frogmore, Windsor, England",England,,0,GB
,True,Europe,-0.1438839,,51.4978676,"Buckingham, Palace, London, England",England,,0,GB
,True,Europe,-0.6040419,,51.4837886,"Windsor, Berkshire, England",England,,0,GB
,True,Europe,12.5700724,,55.6867243,"Yellow Palace, Copenhagen, Denmark",Denmark,,0,DK
,True,Europe,0.4318137,,52.8427652,"Sandringham, Norfolk, England",England,,0,GB
,True,Europe,-0.6040419,,51.4837886,"St. George Chap., Windsor, Berkshire, England",England,,0,GB
,True,Europe,-0.1360297,,51.504975,"Marlborough Hse, London, England",England,,0,GB
,True,Europe,-0.6040419,,51.4837886,"St. George's, Chapel, Windsor Castle, England",England,,0,GB
,True,Europe,0.5162681,,52.8262326,"York Cottage, Sandringham, Norfolk, England",England,,0,GB
,True,Europe,-0.6040419,,51.4837886,"St. George Chap., Windsor, England",England,,0,GB
,True,Europe,0.4375916,,50.9241486,"17 Bruton St., London, W1, England",England,,0,GB
,True,Europe,19.9261335,,39.6062313,"Isle of Kerkira, Mon Repos, Corfu, Greece",Greece,,0,GR
,True,Europe,0.4673371,,52.7969167,"Castle Rising, Norfolk, England",England,,0,GB
,True,Europe,-1.2952483,,50.6995104,"Norfolk-House, St. James Square, London, England",England,,0,GB
,True,,12.847677,,53.2851568,Mirow,,,1,NONE
,True,,-0.2950549,,51.4838317,Kew Palace,,,1,NONE
,True,Europe,-3.237657,,50.6790033,"Sidmouth, Devon, England",England,,0,GB
,True,Europe,0.0810511,,51.4404664,"Buckingham House, London, England",England,,0,GB
,True,Europe,-0.5944637,,51.4743933,"Frogmore House, Windsor, England",England,,0,GB
,True,,10.964561,,50.2582226,Coburg,,,1,NONE
,True,,11.0377839,,50.9014721,Thuringia,,,1,NONE
,True,Europe,-0.241238,,49.0907886,"Calvados, France",France,,0,FR
,True,,12.5930781,,55.6839601,Amalienborg,,,1,NONE
,True,Europe,12.0819247,,55.6433478,"Roskilde, Denmark",Denmark,,0,DK
,True,,12.5523479,,55.7584315,Bernstorff,,,1,NONE
,True,Europe,-3.420704,,51.753359,"Caernarvon, Castle, Wales",Wales,,0,GB
,True,,-2.456937,,51.6888596,"Berkeley Castle, Gloucestershire",,,1,NONE
,True,,-2.2467498,,51.8673377,"Gloucester, Cathedral",,,1,NONE
,True,Europe,9.6972057,,52.3909854,"Herrenhausen, Palace, Hannover, Germany",Germany,,0,DE
,True,,9.7385532,,52.3744779,Hanover,,,1,NONE
,True,Europe,-0.1057857,,51.4676401,"Leicester-House, London, England",England,,0,GB
,True,,9.675882,,52.407334,Herrenhausen,,,1,NONE
,True,,4.3113461,,52.0799838,The Hague,,,1,NONE
,True,,-0.1057857,,51.4676401,Leicester House,,,1,NONE
,True,,8.9169797,,50.132881,Hanau,,,1,NONE
,True,Europe,-0.1057857,,51.4676401,"Leicester House, London, England",England,,0,GB
,True,,10.7014435,,50.9494849,Gotha,,,1,NONE
,True,,-71.0717763,,42.3531675,Carlton House,,,1,NONE
,True,Europe,9.7385532,,52.3744779,"Leineschloss, Osnabruck, Hanover, Germany",Germany,,0,DE
,True,,9.675882,,52.407334,"Moved in 1957 to, Herrenhausen",,,1,NONE
,True,,8.047635,,52.2719595,Osnabruck,,,1,NONE
,True,,10.081052,,52.624056,Celle,,,1,NONE
,True,,12.5800406,,55.6756505,Christiansborg,,,1,NONE
,True,Europe,-3.2004175,,55.9486867,"Edinburgh Castle, Scotland",Scotland,,0,GB
,True,Europe,-0.0458452,,51.6963806,"Theobalds Park, Hertfordshire, Herts, England",England,,0,GB
,True,,-3.9454009,,51.6247029,"Skanderborg, Castle",,,1,NONE
,True,,-0.340939,,51.406013,"Hampton Court, Palace",,,1,NONE
,True,,9.4914451,,55.2498739,Haderslevhus,,,1,NONE
,True,,-3.9454009,,51.6247029,"Antvorslev, Castle",,,1,NONE
,True,Europe,12.0804349,,55.6426437,"Roskilde, Cathedral, Denmark",Denmark,,0,DK
,True,,11.4647932,,53.8909832,Wismar,,,1,NONE
,True,,11.8709918,,54.7646137,Nykobing,,,1,NONE
,True,Europe,-1.2649062,,52.5310214,"Pembroke Castle, Pembrokeshire, England",England,,0,GB
,True,Europe,-0.7166168,,51.3066341,"Richmond Palace, Richmond Surrey, England",England,,0,GB
,True,Europe,-2.2000702,,51.004756,"Henry VII Chapel, Westminster, Abbey, England",England,,0,GB
,True,Europe,-0.0761879,,51.508217,"Tower of London, London, England",England,,0,GB
,True,,-0.1809044,,51.5346682,"Henry VII Chapel, Westminster, Abbey, London",,,1,NONE
,True,,-3.5549253,,56.4168208,Methven Castle,,,1,NONE
,True,Europe,-1.2649062,,52.5310214,"Greenwich Palace, England",England,,0,GB
,True,Europe,-0.1260912,,51.5023278,"Whitehall, London, England",England,,0,GB
,True,Europe,1.0939658,,49.4404591,"Rouen, France",France,,0,FR
,True,,-0.865913,,52.3106138,"Grafton Regis, Northants",,,1,NONE
,True,Europe,-0.0747648,,51.5155075,"Sussex Square, London, Middlesex, England",England,,0,GB
,True,Europe,2.570196,,49.6460204,"Montdidier, France",France,,0,FR
,True,Europe,2.570196,,49.6460204,"Montdidier, Somme, France",France,,0,FR
,True,Europe,5.609007,,45.8693961,"Ponthieu, Ain, France",France,,0,FR
,True,Europe,4.031926,,49.2577886,"Reims, Marne, France",France,,0,FR
,True,Europe,1.8883335,,46.603354,"Deurdan, France",France,,0,FR
,True,Europe,13.4585052,,50.9295798,"Saxony, Germany",Germany,,0,DE
,True,,11.4914523,,51.2646037,"Memleben, Saxony",,,1,NONE
,True,Europe,10.4478313,,51.1638175,Germany,Germany,,0,DE
,True,,11.4038717,,48.9467562,"Bavaria, Germany.",,,1,NONE
,True,Europe,14.549452,,52.3412273,"Frankfort, Brandenburg, Germany",Germany,,0,DE
,True,Europe,0.4539158,,44.3691703,"Lot-Et-Garonne, France",France,,0,FR
,True,Europe,9.0284647,,50.6080651,"Hesse, Germany",Germany,,0,DE
,True,Europe,5.7735658,,50.4708135,"Liege, Belgium",Belgium,,0,BE
,True,Europe,-0.5515588,,47.4739884,"Angers, France",France,,0,FR
,True,Europe,12.1080947,,48.5549274,"Altdorf, Bavaria, Germany",Germany,,0,DE
,True,Europe,10.8916558,,48.3652663,"Swabia, Bavaria, Germany",Germany,,0,DE
,True,Europe,3.620686,,49.564665,"Laon, Picardie, France",France,,0,FR
,True,Europe,6.3445321,,46.0690407,"Haute-Savoie, France",France,,0,FR
,True,Europe,3.6746699,,43.6542031,"Aniane, Département de l'Hérault (Erau), Languedoc, France",France,,0,FR
,True,Europe,2.8773541,,48.9582708,"Meaux, Seine-et-Marne, France",France,,0,FR
,True,Europe,-0.9877182,,51.4748475,"Caversham, Berkshire, England",England,,0,GB
,True,,-2.6766949,,51.6970661,Tintern Abbey,,,1,NONE
,True,,-6.4952889,,52.5897916,Ferns,,,1,NONE
,True,Europe,-6.9918183,,53.118465,"Leinster, Ireland",Ireland,,0,IE
,True,Europe,-6.1968538,,53.3608138,"Clontarf, Dublin, Ireland",Ireland,,0,IE
,True,Europe,-6.6626107,,53.2180958,"of, Naas, Kildare, Ireland",Ireland,,0,IE
,True,Europe,-7.1571681,,52.1584946,"Kincora, Munster, Ireland",Ireland,,0,IE
,True,Europe,-8.5708973,,52.3076216,"Grinan, Munster, Ireland",Ireland,,0,IE
,True,Europe,-8.5708973,,52.3076216,"Munster, Ireland",Ireland,,0,IE
,True,Europe,-8.9374359,,52.8572575,"Clare, Munster, Ireland",Ireland,,0,IE
,True,Europe,-7.9794599,,52.865196,Ireland,Ireland,,0,IE
,True,Europe,-6.8368376,,52.9119491,"Castledermot, Kildare, Ireland",Ireland,,0,IE
,True,,6.4214859,,49.8120961,Echternach,,,1,NONE
,True,Europe,8.1869789,,50.2997124,"Ohren, Limburg-Weilburg, Hessen, Germany",Germany,,0,DE
,True,Europe,10.4478313,,51.1638175,"Weissenburg, Monastery of / Kloster von Weissenburg, Germany",Germany,,0,DE
,True,Asia,45.4436142,,34.0298028,"Bab-Ilu or Babylon, Mesopotamia, Now, Iraq",Iraq,,0,IQ
,True,Europe,1.4442433,,43.6044638,"Toulouse, Haute, France",France,,0,FR
,True,Europe,5.629981,,50.6650412,"Heristal, Liege, Belgium",Belgium,,0,BE
,True,Europe,3.620686,,49.564665,"Laon, Aisne, France",France,,0,FR
,True,Europe,4.6667145,,50.6402809,"upile-Sur-Meuse, On The Meuse River, near Leige, Belgium",Belgium,,0,BE
,True,Europe,6.1804941,,48.2640562,"Orplegrandmonast, Brabant, Vosges, France",France,,0,FR
,True,Europe,1.8883335,,46.603354,"Austrasia, France",France,,0,FR
,True,Europe,1.8883335,,46.603354,"Andene Monastery, France",France,,0,FR
,True,Europe,5.0792856,,50.6729873,"Landen, Liege, Belgium",Belgium,,0,BE
,True,Europe,4.9859857,,49.9046481,"Ardenne, Namur, Belgium",Belgium,,0,BE
,True,Europe,1.8883335,,46.603354,"near, Nancy, Austrasia, France",France,,0,FR
,True,Europe,11.4038717,,48.9467562,"Saxony, Bavaria, Germany",Germany,,0,DE
,True,Europe,3.3889,,44.0773,"Treves, France",France,,0,FR
,True,Europe,1.8883335,,46.603354,"Landen, Austrasia, France",France,,0,FR
,True,Europe,1.8883335,,46.603354,"Metz, Austrasia, France",France,,0,FR
,True,Europe,1.8883335,,46.603354,"Heristall, Metz, Austrasia, France",France,,0,FR
,True,Europe,1.9086066,,47.9027336,"Orléans, Loiret, France",France,,0,FR
,True,Europe,1.0802533,,51.2800275,"Canterbury, Kent, England",England,,0,GB
,True,Europe,2.1292319,,43.9515125,"Gaul, France",France,,0,FR
,True,Europe,2.0375431,,44.3517623,"Rouergue, Aveyron, France",France,,0,FR
,True,Europe,3.6746699,,43.6542031,"Narbonne, Languedoc, France",France,,0,FR
,True,Europe,2.1292319,,43.9515125,"The Auvergne, Gaul, France",France,,0,FR
,True,Europe,12.4829321,,41.8933203,"Rome, Italy",Italy,,0,IT
,True,Europe,8.3620898,,49.6302618,"Worms, Rhineland-Palatinate, Germany",Germany,,0,DE
,True,,-1.9181532,,54.3151594,"Colchester, Bythnia, Britain",,,1,NONE
,True,Europe,0.8994651,,51.8896903,"Colchester, Essex, England",England,,0,GB
,True,,44.4270029,,32.5377918,Babylon,,,1,NONE
,True,,-87.8337753,,42.4501169,Zion,,,1,NONE
,True,,-48.4682453,,-1.45056,Bethlehem,,,1,NONE
,True,,-97.040895,,44.244415,Sinai,,,1,NONE
,True,,35.166667,,31.666667,Judah,,,1,NONE
,True,Africa,29.2675469,,26.2540493,Egypt,Egypt,,0,EG
,True,Asia,35.0494777,,31.5197847,Palestine,"Palestine, State of",,0,PS
,True,,-91.2871485,,40.969029,Shinar,,,1,NONE
,True,,28.9758715,,41.006381,Constantinople,,,1,NONE
,True,Europe,3.1531803,,45.7100132,"Auvergne, France",France,,0,FR
,True,,-1.9181532,,54.3151594,Britain,,,1,NONE
,True,,-72.0119915,,43.6465313,Canaan,,,1,NONE
,True,,8.6420159,,46.7864413,Ur,,,1,NONE
,True,,149.5481193,,-33.4596678,killed,,,1,NONE
,True,,35.2257856,,31.7788472,Jerusalem,,,1,NONE
,True,,-94.0282861,,40.2683344,Bethany?,,,1,NONE
,True,,136.8654385,,34.7723168,assassinated,,,1,NONE
,True,,113.2828516,,23.1316691,sacrificed,,,1,NONE
,True,,14.5208584,,59.6749712,Sweeden,,,1,NONE
,True,,17.6387436,,59.8586126,Uppsala,,,1,NONE
,True,Europe,10.3333283,,55.670249,Denmark,Denmark,,0,DK
,True,,-76.2411283,,40.08067,"Chapelry Of Latham, Lancaster County",,,1,NONE
,True,,-1.4719885,,52.9142235,Derby,,,1,NONE
,True,,-76.2411283,,40.08067,"Lathom House, Lancaster County",,,1,NONE
,True,Europe,-2.807799,,54.0488361,"Lancaster, Lancaster, England",England,,0,GB
,True,Europe,-2.7502179,,53.5701192,"Dalton, Lancashire, England",England,,0,GB
,True,Europe,-2.4717701,,53.2141028,"Cheshire, England",England,,0,GB
,True,Europe,0.0211825,,51.8356022,"Castlebury, England",England,,0,GB
,True,Europe,-1.5283681,,53.3552976,"Latham, Yorkshire, England",England,,0,GB
,True,Europe,-1.2649062,,52.5310214,"Chestershire, England",England,,0,GB
,True,,-1.8048081,,52.4382602,Saxon England,,,1,NONE
,True,,0.4646698,,51.7704679,Essex,,,1,NONE
,True,,18.3934678,,-33.9181792,Northumbria,,,1,NONE
,True,Europe,-0.9212977,,52.2437937,"Northumbria, England",England,,0,GB
,True,Europe,-2.000559,,55.25,"Northumberland, England",England,,0,GB
,True,,4.0600491,,49.2512297,"Asgard, Asia Or, East Europe",,,1,NONE
,True,Europe,-0.0747648,,51.5155075,"London, Middlesex, England",England,,0,GB
,True,Europe,-1.1712236,,52.5114773,"Ashby Magna, Leicestershire, England",England,,0,GB
,True,Europe,-1.1484657,,52.0278975,"Brackley, Northamptonshire, England",England,,0,GB
,True,Europe,-1.0345963,,52.6351273,"SEGRAVE, Leicestershire, England",England,,0,GB
,True,Europe,-2.7410475,,53.5284097,"Upholland, Lancashire, England",England,,0,GB
,True,Europe,-2.6992717,,53.7593363,"Preston, Lancashire, England",England,,0,GB
,True,Europe,-2.8028352,,54.1066832,"Bolton Le Sands, Lancashire, England",England,,0,GB
,True,Europe,2.9906764,,49.8031514,"Y, Somme, Picardie, France",France,,0,FR
,True,Europe,-3.0284564,,53.8416337,"Salmesbury, Lancashire, England",England,,0,GB
,True,Europe,-2.5650945,,53.8611712,"Lancashire, England",England,,0,GB
,True,Europe,-1.5496037,,53.7962878,"West Riding, Yorkshire, England",England,,0,GB
,True,,-2.4844886,,53.7476049,Heiress,,,1,NONE
,True,Europe,-1.3131692,,51.0612766,"Winchester, Hampshire, England",England,,0,GB
,True,Europe,-0.8890394,,52.2748039,"Sutton, Northamptonshire, England",England,,0,GB
,True,Europe,-1.0876541,,52.7625121,"Seagrave, Leicestershire, England",England,,0,GB
,True,Europe,-0.865913,,52.3106138,"Chaucombe, Northamptonshire, England",England,,0,GB
,True,Europe,-1.1370833,,52.7392639,"Charnwood, Leicestershire, England",England,,0,GB
,True,Europe,-0.5471901,,45.5792284,"Pons, Charente-Maritime, Poitou-Charentes, France",France,,0,FR
,True,Europe,-0.5648163,,50.8545384,"Arundel, Sussex, England",England,,0,GB
,True,Europe,-0.865913,,52.3106138,"Chacombe Priory, Northamptonshire, England",England,,0,GB
,True,Europe,-1.7706128,,51.1706875,"Amesbury, Wiltshire, England",England,,0,GB
,True,Europe,-2.1193391,,51.4214178,"Lacock, Wiltshire, England",England,,0,GB
,True,Europe,0.515331,,49.356241,"Pont-Audemer, Eure, France",France,,0,FR
,True,Europe,-3.7013405,,48.602598,"Normandy, Plouigneau, Brittany, France",France,,0,FR
,True,,13.3787346,,52.5138731,murdered,,,1,NONE
,True,Europe,5.9203636,,45.5662672,"Chambery, Savoie, Rhône-Alpes, France",France,,0,FR
,True,Europe,4.6667145,,50.6402809,Belgium,Belgium,,0,BE
,True,Europe,6.5380352,,49.0207259,"Gaul, Moselle, Lorraine, France",France,,0,FR
,True,Europe,10.4829322,,45.7429432,"Lombard, Lombardia, Italy",Italy,,0,IT
,True,Africa,13.4037117,,-12.5790048,"Franco, Benguela, Angola",Angola,,0,AO
,True,Europe,1.8821405,,49.2625682,"Vexin, France",France,,0,FR
,True,Europe,5.4639172,,50.7806267,"Tongeren, Limburg, Vlaams Gewest, Belgium",Belgium,,0,BE
,True,,29.0148659,,59.4155934,killed in battle,,,1,NONE
,True,,12.5197197,,41.9165042,"killed by Pyrrhus, son of Achilles, q.v.",,,1,NONE
,True,,-7.9794599,,52.865196,Eire,,,1,NONE
,True,Europe,-6.5884245,,53.6497514,"Odhbha, County Meath, Leinster, Ireland",Ireland,,0,IE
,True,,-7.863112,,42.61946,Galicia,,,1,NONE
,True,,-86.9052698,,37.8219963,Scythia,,,1,NONE
,True,,50.5607579,,41.7789772,Caspian Sea,,,1,NONE
,True,,24.4633423,,35.3084952,Crete,,,1,NONE
,True,,12.5197197,,41.9165042,"killed by 40th Monarch, q.v.",,,1,NONE
,True,,-5.9425968,,54.610268,executed,,,1,NONE
,True,,-4.8148569,,55.6400504,Ardrossan,,,1,NONE
,True,Europe,-3.5512363,,54.6471043,"Allerdale Workington, Cumberland, England",England,,0,GB
,True,Europe,-4.1140518,,56.7861112,"Ubbanford, Scotland",Scotland,,0,GB
,True,Europe,-1.38525,,53.9825271,"Leckonfield, Yorkshire, England",England,,0,GB
,True,Europe,-1.38525,,53.9825271,"Battle of, Towtown, Yorkshire, England",England,,0,GB
,True,Europe,-1.7072354,,55.4133398,"Alnwick, Northumberland, England",England,,0,GB
,True,Europe,0.190539,,51.3934788,"Battle of, St Albans, Kent, England",England,,0,GB
,True,Europe,-1.6103256,,55.3477629,"Warkworth, Northumberland, England",England,,0,GB
,True,,-2.6435641,,52.6523394,"Shropshire, England, UK",,,1,NONE
,True,Europe,-1.2595975,,53.8852975,"Tadcaster, Yorkshire, England",England,,0,GB
,True,Europe,-1.8068071,,54.5800156,"Staindrop, Durham, England",England,,0,GB
,True,,-1.7064926,,55.4154664,"Alnwick Castle, England, UK",,,1,NONE
,True,Europe,-1.6117004,,55.3452245,"Warkworth Castle, Northumberland, England",England,,0,GB
,True,Europe,-1.7025715,,52.8492143,"Tutbury, Staffordshire, England",England,,0,GB
,True,Europe,-1.7064926,,55.4154664,"Alnwick Castle, Alnwick, Northumberland, England",England,,0,GB
,True,Europe,-0.0622673,,50.9445139,"Pentworth, Sussex, England",England,,0,GB
,True,Europe,0.1223765,,46.4351549,"Lusignan, Vienne, France",France,,0,FR
,True,,-1.8017245,,54.5910607,"Raby Castle, Durham",,,1,NONE
,True,,-3.0351591,,53.3114473,Raby,,,1,NONE
,True,,-1.75,,54.666667,Durham,,,1,NONE
,True,,-1.8017245,,54.5910607,"Raby, Staindrop",,,1,NONE
,True,Europe,0.7075316,,49.8236368,"Neville, France",France,,0,FR
,True,,4.88149,,45.3462,Anjou,,,1,NONE
,True,,-0.8465779,,43.3684225,Montfort,,,1,NONE
,True,,2.8114192,,48.1549752,Gatinais,,,1,NONE
,True,,9.3180562,,55.9396905,Jutland,,,1,NONE
,True,,-0.5688331,,51.4336592,(of Bromfield),,,1,NONE
,True,Europe,12.674297,,42.6384261,Italy,Italy,,0,IT
,True,,12.5197197,,41.9165042,"killed  (along with husband and children) by King Aegisthus, q.v.",,,1,NONE
,True,,-72.0119915,,43.6465313,"Zoar, Canaan",,,1,NONE
,True,Europe,10.3333283,,55.670249,"Hleithra, Denmark",Denmark,,0,DK
,True,,-77.1968886,,39.2694729,Damascus,,,1,NONE
,True,,2.3213298,,48.8823012,of Rome,,,1,NONE
,True,Europe,21.9877132,,38.9953683,Greece,Greece,,0,GR
,True,,-1.031873,,51.4534889,Berkshire,,,1,NONE
,True,,0.3138532,,49.0677708,Normandy,,,1,NONE
,True,,1.0465716,,52.2410014,Suffolk,,,1,NONE
,True,,-1.2433133,,51.0449814,Hampshire,,,1,NONE
,True,,-0.101957,,51.3713049,Croydon,,,1,NONE
,True,,-1.9032487,,51.324162,Wiltshire,,,1,NONE
,True,,-2.75,,52.083333,Herefordshire,,,1,NONE
,True,Europe,7.5543751,,51.4789205,"Nordrhein-Westfalen, Germany",Germany,,0,DE
,True,,9.7732524,,45.5703694,Lombardy,,,1,NONE
,True,Europe,6.959974,,50.938361,"Cologne, North Rhine, Westfalen, Germany",Germany,,0,DE
,True,,6.959974,,50.938361,"Cologne, Westfalia",,,1,NONE
,True,,12.4829321,,41.8933203,Rome,,,1,NONE
,True,,-2.6176837,,51.4948022,of DUMNONIA,,,1,NONE
,True,,2.2956951,,49.8941708,Amiens Picardy France,,,1,NONE
,True,,13.7468025,,51.0443875,"Sachsen, German",,,1,NONE
,True,,7.0539556,,50.9051264,"Cologne, Sachsen",,,1,NONE
,True,Europe,14.7057054,,41.2476307,"Reino Ostrogodo, Benevento, Campania, Italy",Italy,,0,IT
,True,Europe,0.7210362,,51.2070749,"Kent, England",England,,0,GB
,True,Europe,-1.3327111,,50.6710482,"Isle of Wight, England",England,,0,GB
,True,Europe,-1.2883731,,50.6820927,"Isle of Wight County, England",England,,0,GB
,True,Europe,-1.3709387,,50.9733939,"Isle of Wight, Hampshire, England",England,,0,GB
,True,Europe,-7.3980338,,52.9984575,"Ossory modern Kilkenny, Laois, Ireland",Ireland,,0,IE
,True,Europe,-7.5228587,,53.0030842,"Clonenagh Parish, Laois, Ireland",Ireland,,0,IE
,True,Europe,-6.2545,,53.3411249,"Leinster, County Leinster, Ireland",Ireland,,0,IE
,True,Europe,-7.2433945,,52.6571391,"Ossory, Kilkenny, Ireland",Ireland,,0,IE
,True,Europe,-7.2433945,,52.6571391,"Ossory, Kilkenny, Leinster, Ireland",Ireland,,0,IE
,True,Europe,-6.2195102,,53.2977887,"Alba, Ireland",Ireland,,0,IE
,True,Europe,-7.3088311,,52.6704619,"Ossory, Ireland",Ireland,,0,IE
,True,Europe,-7.2172237,,52.486463,"Leinster, Kilkenny, Ireland",Ireland,,0,IE
,True,Asia,71.5995376,,32.5541738,"Mail, Punjab, Pakistan",Pakistan,,0,PK
,True,Europe,-7.2514438,,52.6506255,"Kilkenny, Ireland",Ireland,,0,IE
,True,Europe,-8.5229823,,51.705737,"Kinsale, Cork, Ireland",Ireland,,0,IE
,True,Europe,-6.2605593,,53.3493795,"Baile Átha Cliath, 5302, Ireland",Ireland,,0,IE
,True,Europe,-6.9918183,,53.118465,"Orgaill, Leinster, Ireland",Ireland,,0,IE
,True,Europe,-7.9794599,,52.865196,"Orgaill, Ireland",Ireland,,0,IE
,True,Europe,-6.2605593,,53.3493795,"Baile Átha Cliath, Ireland",Ireland,,0,IE
,True,Europe,-8.4751357,,54.2720696,"Sligo, Ireland",Ireland,,0,IE
,True,,-7.2782951,,52.630989,"Ossary, Kilkenny, Leinster, Eireann",,,1,NONE
,True,Europe,-7.9794599,,52.865196,"Dinn Righ, near River Barrow (Bearbha), Ireland",Ireland,,0,IE
,True,Europe,11.615625,,48.1492981,"Tealach An Chosgair, Ireland, Bayern, Germany",Germany,,0,DE
,True,Europe,-6.5884245,,53.6497514,"Tealach-An-Chosgair, Ireland, Tara Castle, Meath, Leinster, Ireland",Ireland,,0,IE
,True,,-6.9591554,,54.5859836,"Ossory, Eireann",,,1,NONE
,True,Europe,-6.2605593,,53.3493795,"Dublin, Leinster, Ireland",Ireland,,0,IE
,True,Europe,-3.4649973,,52.6152731,"Powys, Montgomeryshire, Wales",Wales,,0,GB
,True,Europe,-3.73893,,52.2928116,"Deheubarth, Wales",Wales,,0,GB
,True,Europe,-2.9208857,,53.178404,"Rhuddlan, Flintshire, Wales",Wales,,0,GB
,True,,-3.5104134,,52.3005931,Powys Castle,,,1,NONE
,True,,-3.3044144,,51.439358,Dyffryn,,,1,NONE
,True,,-3.3553352,,52.32715,Powys,,,1,NONE
,True,,-75.2551759,,40.2017745,of GWYNEDD,,,1,NONE
,True,,-2.0928095,,57.1482429,Aberdeen,,,1,NONE
,True,Europe,-4.1140518,,56.7861112,"Dunlichtie & Dunbeath Castle, Ivernes, Scotland",Scotland,,0,GB
,True,Europe,-4.666667,,57.083333,"Dunbeath, Inverness-shire, Scotland",Scotland,,0,GB
,True,,-4.3319194,,53.2782258,Anglesey,,,1,NONE
,True,,-6.2626992,,53.3391564,"Dublin and reared near Swords, County Dublin in Ireland",,,1,NONE
,True,,-4.1274751,,53.2265094,Bangor Cathedral,,,1,NONE
,True,,-87.5525062,,33.1590087,Morayshire,,,1,NONE
,True,Europe,-2.8908955,,53.1908873,"Lathom, Chester, England",England,,0,GB
,True,Europe,-1.9857802,,52.8539841,"Chartley Castle, Staffordshire, England",England,,0,GB
,True,Europe,-2.4152093,,53.1908985,"Kinderton, Cheshire, England",England,,0,GB
,True,Europe,-2.8859603,,53.5673603,"Ormskirk, Lancashire, England",England,,0,GB
,True,Europe,-2.5145104,,53.2602539,"Northwich, Cheshire, England",England,,0,GB
,True,,-71.8742626,,43.9702453,Grafton,,,1,NONE
,True,,-0.3414524,,51.2715316,Surrey,,,1,NONE
,True,,-3.1883749,,55.9533456,Edinburgh,,,1,NONE
,True,,-1.5815742,,52.2814519,Warwick,,,1,NONE
,True,Europe,-4.1140518,,56.7861112,"Forfars., Scotland",Scotland,,0,GB
,True,Europe,-4.1140518,,56.7861112,"Perths., Scotland",Scotland,,0,GB
,True,,-0.865913,,52.3106138,Northamptonshire,,,1,NONE
,True,,-2.6932179,,53.1287493,Beeston Castle,,,1,NONE
,True,,-0.3813987,,52.3034588,Kimbolton,,,1,NONE
,True,,-0.9028043,,52.2343297,Northampton,,,1,NONE
,True,Europe,-0.5050242,,48.96895,"Montfort, Normandy, France",France,,0,FR
,True,,-0.1277653,,51.5074456,London,,,1,NONE
,True,,-78.4927721,,37.1232245,Virginia,,,1,NONE
,True,North America,-76.5136495,,37.2356655,"Yorktown, York, Virginia, United States",United States,,0,US
,True,Europe,-1.2649062,,52.5310214,"Wircestershier, England",England,,0,GB
,True,North America,-76.3079924,,36.8639003,"Elizabeth City, Virginia, United States",United States,,0,US
,True,Europe,-2.2005697,,51.6432869,"Beverstone, Gloucestershire, England",England,,0,GB
,True,Europe,-1.046029,,51.2712823,"Basing, Hampshire, England",England,,0,GB
,True,,1.0465716,,52.2410014,"Suffolk, UK",,,1,NONE
,True,Europe,-0.0747648,,51.5155075,"St Bartholomew Exchange, London, Middlesex, England",England,,0,GB
,True,Europe,11.2145198,,47.4714556,"Spa, Germany",Germany,,0,DE
,True,,-3.6607788,,50.7241405,Devon,,,1,NONE
,True,,-0.8998074,,51.840894,Buckinghamshire,,,1,NONE
,True,Europe,-1.4201935,,53.479246,"Wentworth, Yorkshire, England",England,,0,GB
,True,,-1.0206117,,53.4104675,"Scrooby, Nottinghamshire, England.",,,1,NONE
,True,,-3.6607788,,50.7241405,Devonshire,,,1,NONE
,True,,-7.3347052,,52.5453397,"Castle Eve, Kilkenny",,,1,NONE
,True,,-1.38525,,53.9825271,Yorkshire,,,1,NONE
,True,,-7.2514438,,52.6506255,"Kilkenny, Eire",,,1,NONE
,True,Europe,-5.2513764,,56.2517333,"Lochow, Argyllshire, Scotland",Scotland,,0,GB
,True,,-1.5566179,,53.1185033,Derbyshire,,,1,NONE
,True,,-2.0791954,,52.7395787,Teddesley,,,1,NONE
,True,,-88.9528394,,38.995878,Brownstown,,,1,NONE
,True,,-85.1133189,,44.9947369,Antrim,,,1,NONE
,True,,-9.2979572,,53.8598047,"Antrim, Eire",,,1,NONE
,True,,-2.6435641,,52.6523394,Shropshire,,,1,NONE
,True,,-6.3617346,,54.1131444,"Down, Eire",,,1,NONE
,True,,38.9319506,,-0.0583741,"Kilbride, Scot.",,,1,NONE
,True,,-71.617126,,43.102988,Dunbarton,,,1,NONE
,True,,-3.1709492,,55.9725499,Leith,,,1,NONE
,True,,-0.6069278,,51.4826035,"Castle Hill, Edinburgh",,,1,NONE
,True,Europe,-0.9571655,,49.3411969,"Longueville, Normandy, France",France,,0,FR
,True,Europe,0.4539158,,44.3691703,"Lot-et-Garonne, Aquitaine, France",France,,0,FR
,True,Europe,0.2736246,,51.1962997,"Tonbridge Castle, Kent, England",England,,0,GB
,True,Europe,-1.25,,51.833333,"Oxfordshire, England",England,,0,GB
,True,Europe,1.0,,52.666667,"Norfolk, England",England,,0,GB
,True,Europe,0.8392182,,52.5599125,"Wayland, Norfolk, England",England,,0,GB
,True,Europe,-0.078521,,51.7957409,"Hertford, Hertfordshire, England",England,,0,GB
,True,Europe,-3.0147935,,51.8213212,"Abergavenny, Monmouthshire, Wales",Wales,,0,GB
,True,Europe,-0.0978552,,51.8400523,"Hertfordshire, England",England,,0,GB
,True,Europe,0.9018581,,48.5419449,"Harcourt, Eure, Haute-Normandie, France",France,,0,FR
,True,Europe,0.8734457,,52.8942426,"Walsingham, Norfolk, England",England,,0,GB
,True,Europe,-3.9087351,,56.0701208,"Stirlingshire, Scotland",Scotland,,0,GB
,True,Europe,1.0218832,,52.9135529,"Dalling, Norfolk, England",England,,0,GB
,True,Europe,0.4249545,,44.2437073,"France, Lot-et-Garonne, Aquitaine, France",France,,0,FR
,True,Europe,-0.0978552,,51.8400523,"Later of Linton, Hertfordshire, England",England,,0,GB
,True,,-3.1308885,,56.4506934,Castle Huntly,,,1,NONE
,True,,-2.0074547,,52.8246942,Staffordshire,,,1,NONE
,True,,-0.865913,,52.3106138,Northants.,,,1,NONE
,True,,-2.000559,,55.25,Northumberland,,,1,NONE
,True,,-1.0214971,,53.1459288,Nottinghamshire,,,1,NONE
,True,,-1.6126956,,51.0701354,"Wolvey, Warwicks.",,,1,NONE
,True,,-77.2803933,,40.1541581,Cumberland,,,1,NONE
,True,,-2.4717701,,53.2141028,Cheshire,,,1,NONE
,True,Europe,1.2317081,,52.811735,"Blickling Hall, Blickling, Norfolk, England",England,,0,GB
,True,Europe,-2.1839201,,51.4303523,"Hungerford, Wiltshire, England",England,,0,GB
,True,,-1.716108,,52.5999587,Drayton Basset,,,1,NONE
,True,,0.6727342,,52.2860353,Hengrave,,,1,NONE
,True,,2.7247515,,50.1024606,Picardie,,,1,NONE
,True,,8.694724,,49.4093582,Heidelberg,,,1,NONE
,True,Europe,10.4478313,,51.1638175,Prussia,Germany,,0,DE
,True,,21.0711489,,52.2333742,Warsaw,,,1,NONE
,True,,16.9944292,,48.7602075,Turnitz,,,1,NONE
,True,Europe,19.134422,,52.215933,Poland,Poland,,0,PL
,True,,-26.6383333,,73.3566667,Jomsborg,,,1,NONE
,True,,10.4266284,,51.9059936,Goslar,,,1,NONE
,True,,5.7735658,,50.4708135,Liege,,,1,NONE
,True,,13.5619149,,43.5357116,San Germano,,,1,NONE
,True,,-73.1200703,,40.770609,Bohemia,,,1,NONE
,True,Europe,11.077298,,49.453872,"Nurnberg, Bavaria",Germany,,0,DE
,True,,16.0355078,,48.866628,"Znaim, Bohemia",,,1,NONE
,True,,16.6133697,,47.0083129,Raab,,,1,NONE
,True,,16.3725042,,48.2083537,Vienna,,,1,NONE
,True,Europe,19.5060937,,47.1817585,Hungary,Hungary,,0,HU
,True,,10.135555,,54.3227085,Kiel,,,1,NONE
,True,,-1.8101523,,51.3913436,Boreham Wood,,,1,NONE
,True,,-1.2578499,,51.7520131,Oxford,,,1,NONE
,True,Europe,-3.73893,,52.2928116,"Rutlands., Wales",Wales,,0,GB
,True,Europe,19.9999619,,41.000028,Albania,Albania,,0,AL
,True,Africa,31.8213657,,31.4167427,"Damietta, Egypt",Egypt,,0,EG
,True,,1.0,,52.666667,Norfolk,,,1,NONE
,True,,-83.3791875,,42.4034753,North Hampshire,,,1,NONE
,True,,12.4829321,,41.8933203,nr. Rome,,,1,NONE
,True,,1.0939658,,49.4404591,Rouen,,,1,NONE
,True,,-3.0753867,,51.1617509,Somerset,,,1,NONE
,True,,-79.3647162,,43.6501428,of Berkeley Castle,,,1,NONE
,True,,39.0494106,,34.6401861,Syria,,,1,NONE
,True,,-77.4579783,,38.4167265,Stafford,,,1,NONE
,True,Africa,31.38649,,31.037566,"Mansourah, Egypt",Egypt,,0,EG
,True,,-1.25,,51.833333,Oxfordshire,,,1,NONE
,True,,-1.38525,,53.9825271,"Killdale, Yorkshire",,,1,NONE
,True,,-3.73893,,52.2928116,"Flints., Wale",,,1,NONE
,True,,-2.2451148,,53.4794892,Manchester,,,1,NONE
,True,,-0.9501074,,52.5100779,"Groby, Leics.",,,1,NONE
,True,,-0.9501074,,52.5100779,Leics.,,,1,NONE
,True,,-8.2389283,,51.9946106,"Cork, Eire",,,1,NONE
,True,,-6.7371361,,53.2582075,"Kildare, Eire",,,1,NONE
,True,,15.2641187,,49.9462622,Gask,,,1,NONE
,True,,0.3138532,,49.0677708,? Normandy,,,1,NONE
,True,Europe,-4.5591148,,54.1936805,Isle of Man,Isle of Man,,0,IM
,True,,7.6535842,,50.1813995,Gaul,,,1,NONE
,True,,3.9070658,,47.4885365,Avalon?,,,1,NONE
,True,Europe,-4.1140518,,56.7861112,"Tweeddale, Peebleshire, Scotland",Scotland,,0,GB
,True,,-2.9202408,,48.2640845,"Dol-et-Bretaigne, Isle de Vilaines, Brittany",,,1,NONE
,True,Asia,35.0494777,,31.5197847,"Jerusalem, Palestine","Palestine, State of",,0,PS
,True,Europe,-1.754257,,48.5498295,"Dol, Ille-et Vilaine, Bretagne, France",France,,0,FR
,True,,-93.2471084,,45.0138671,"Jerusalem, Palestine, Holy Land",,,1,NONE
,True,Europe,-3.434027,,58.404267,"Caithness, Scotland",Scotland,,0,GB
,True,Europe,-1.6814837,,48.1172166,"Dinan, Ille-et-Vilaine, Bretagne, France",France,,0,FR
,True,Europe,-2.047687,,48.4539775,"Dinan, Cotes d'Armor, Bretagne, France",France,,0,FR
,True,Europe,6.0638506,,44.0580563,"Bretagne, Indre Et Loire, Provence, France",France,,0,FR
,True,Europe,-1.2103632,,48.1185985,"Ille-et-Vilaine, Vitré, Bretagne, France",France,,0,FR
,True,Europe,-1.6498092,,48.1727681,"Fourgeres, Ille-et-Vilaine, Bretagne, France",France,,0,FR
,True,Europe,-4.2211748,,55.8931408,"Stobhill, Scotland",Scotland,,0,GB
,True,Europe,-4.8379791,,39.3260685,Spain,Spain,,0,ES
,True,,-1.38525,,53.9825271,"Walley, Yorkshire, England.",,,1,NONE
,True,Europe,0.7210362,,51.2070749,"Forwich, Kent, England",England,,0,GB
,True,Europe,-0.2031209,,53.1823034,"Marblethorpe, Lincolnshire, England",England,,0,GB
,True,Europe,-0.5404819,,53.2293545,"Lincoln, Lincolnshire, England",England,,0,GB
,True,Europe,-0.1023101,,53.1780161,"Scrivelsby, Lincolnshire, England",England,,0,GB
,True,Europe,-1.6602524,,53.7319746,"Birstall, Yorkshire, England",England,,0,GB
,True,Europe,-2.2914667,,54.0041612,"Hamerton, Yorkshire, England",England,,0,GB
,True,Europe,-1.38525,,53.9825271,"Hamerton, Wicklesworth, Yorkshire, England",England,,0,GB
,True,Europe,-2.0450686,,53.9425879,"Long Preston, Craven, Yorkshire, England",England,,0,GB
,True,Europe,-1.8281943,,53.7979109,"Bracewell, Yorkshire, England",England,,0,GB
,True,Europe,-1.4967286,,53.6829541,"Wakefield, Yorkshire, England",England,,0,GB
,True,,6.1763552,,49.1196964,Metz,,,1,NONE
,True,,-87.930851,,37.3422707,Gibralter,,,1,NONE
,True,,49.4770891,,22.3742506,Arabia,,,1,NONE
,True,,43.9,,34.2,Samarra,,,1,NONE
,True,,39.6111216,,24.471153,al-Medina,,,1,NONE
,True,,39.826869,,21.420847,Mecca,,,1,NONE
,True,Asia,44.1749775,,33.0955793,Iraq,Iraq,,0,IQ
,True,,-99.1126826,,29.2836281,Medina,,,1,NONE
,True,Africa,-10.3713379,,28.3347722,Morocco,Morocco,,0,MA
,True,Europe,-0.4881708,,38.3436365,"Alicante, Spain",Spain,,0,ES
,True,,-2.7511952,,55.915797,East Lothian,,,1,NONE
,True,,-2.2326663,,57.2800033,of Straloch,,,1,NONE
,True,,-1.9006835,,53.0788581,Hamps.,,,1,NONE
,True,,-2.7168988,,51.8123023,Monmouth Castle,,,1,NONE
,True,,8.31573,,50.75211,Dillenburg,,,1,NONE
,True,,4.35839,,52.0114017,Delft,,,1,NONE
,True,,4.3997081,,51.2211097,Antwerp,,,1,NONE
,True,,-0.2031209,,53.1823034,Lincolnshire,,,1,NONE
,True,Europe,0.7689602,,51.0787261,"Woodchurch, Kent, England",England,,0,GB
,True,,-3.0609358,,51.8171756,"Raglan Castle, Monmouthshire, South Wales",,,1,NONE
,True,Europe,0.7125173,,52.2460367,"Bury St Edmunds, Suffolk, England",England,,0,GB
,True,,-3.000007,,51.6666717,Gwent,,,1,NONE
,True,Europe,-5.9953403,,37.3886303,"Seville, Spain",Spain,,0,ES
,True,,-88.0434304,,42.1105502,Palatine,,,1,NONE
,True,,4.7011675,,50.879202,Louvain,,,1,NONE
,True,,6.959974,,50.938361,Cologne,,,1,NONE
,True,,-75.6207651,,40.0289955,Exton,,,1,NONE
,True,North America,-77.3947693,,18.1850507,Jamaica,Jamaica,,0,JM
,True,,-1.8560283,,52.2691945,Rutlands.,,,1,NONE
,True,,-0.2537791,,51.5460558,Middlesex,,,1,NONE
,True,,-1.5536906,,52.3213064,Warwickshire,,,1,NONE
,True,,-77.2212396,,38.80255,Ravensworth,,,1,NONE
,True,,-1.7835808,,54.4670283,"Ravensworth, Yorkshire",,,1,NONE
,True,,-3.25,,57.416667,Moray,,,1,NONE
,True,Europe,-3.25,,57.416667,"Moray, Scotland",Scotland,,0,GB
,True,,-1.7954134,,51.0690613,Salisbury,,,1,NONE
,True,Europe,-3.73893,,52.2928116,"Glamorgans., Wales",Wales,,0,GB
,True,,-4.3062309,,51.7363873,Kidwelly,,,1,NONE
,True,Europe,-4.3115907,,51.8591257,"Carmarthen, Wales",Wales,,0,GB
,True,,-1.4143389,,53.0549304,"Ferrers, Derbyshire",,,1,NONE
,True,,0.3756199,,45.4039367,Poitou,,,1,NONE
,True,,-0.9615456,,48.5427347,"Ferrieres, Normandy",,,1,NONE
,True,,-1.6878432,,52.8590612,Tutbury Priory,,,1,NONE
,True,,-1.6903381,,52.8597616,"Tutbury Castle, Staffordshire",,,1,NONE
,True,,75.1844877,,41.9046231,k. in Battle,,,1,NONE
,True,Europe,-2.2553694,,51.8527674,"Bristol, Gloucestershire, England",England,,0,GB
,True,Europe,-2.456937,,51.6888596,"Berkeley Castle Berkeley, Gloucestershire, England",England,,0,GB
,True,Europe,-2.3531863,,51.6813885,"Dursley, Gloucestershire, England",England,,0,GB
,True,Europe,-2.4585247,,51.6913643,"Berkeley, Gloucestershire, England",England,,0,GB
,True,Europe,-1.0317702,,52.6078167,"Leicester, Leicestershire, England",England,,0,GB
,True,Europe,-2.1880662,,51.7643786,"Tewkesbury Castle, Gloucestershire, England",England,,0,GB
,True,Europe,-2.5503106,,51.5007679,"Bur Priory of St. Michael's Hill, Bristol, and, England",England,,0,GB
,True,Europe,-2.2458192,,51.8653705,"Whetonhurst, Gloucester, England",England,,0,GB
,True,Europe,-2.8429244,,51.2221748,"Bristol, Somerset, England",England,,0,GB
,True,Europe,-0.8988821,,53.9891083,"Stamford Bridge, Yorkshire, England",England,,0,GB
,True,Europe,-1.2387673,,52.971471,"Strelley, Nottinghamshire, England",England,,0,GB
,True,Europe,-1.0214971,,53.1459288,"Strelley Wooderough, Nottinghamshire, England",England,,0,GB
,True,Europe,-1.2194429,,52.9318033,"Wollaton, Nottinghamshire, England",England,,0,GB
,True,,-75.6654565,,39.7548446,Dunbarton Castle,,,1,NONE
,True,Europe,-1.5566179,,53.1185033,"Derbyshire, England",England,,0,GB
,True,Europe,-1.4283564,,52.8228134,"Melbourne, Derbyshire, England",England,,0,GB
,True,Europe,-1.4761491,,52.9212617,"Derby, Derbyshire, England",England,,0,GB
,True,Europe,-1.5566179,,53.1185033,"Ecclestone, Burton On Hill, Derbyshire, England",England,,0,GB
,True,Europe,-1.504119,,52.8362626,"Foremark, Derbyshire, England",England,,0,GB
,True,Europe,-1.5566179,,53.1185033,"Cambridgeshire, Derbyshire, England",England,,0,GB
,True,Europe,-1.5566179,,53.1185033,"Osmondeston, Derbyshire, England",England,,0,GB
,True,Europe,-1.5566179,,53.1185033,"Trusley, Burton Upon Trent, Derbyshire, England",England,,0,GB
,True,Europe,-1.5566179,,53.1185033,"Burton Upon Trent, Derbyshire, England",England,,0,GB
,True,Europe,-2.8369846,,52.7798895,"Walford, Baschurch, Shropshire, England",England,,0,GB
,True,,-2.6323933,,53.1030117,Haughton,,,1,NONE
,True,,-0.7770369,,51.4024634,Welbeck,,,1,NONE
,True,Europe,-0.1277653,,51.5074456,"London, United Kingdom",United Kingdom,,0,GB
,True,Europe,-1.5566179,,53.1185033,"Ashby De La Zouche, Derbyshire, England",England,,0,GB
,True,Europe,-1.5566179,,53.1185033,"Osmondeston Manor, Derbyshire, England",England,,0,GB
,True,Europe,-1.4794243,,52.8120645,"Ticknall, Derbyshire, England",England,,0,GB
,True,Europe,-0.4391,,51.2764863,"Horsley Hall, Surrey, England",England,,0,GB
,True,Europe,-1.4761491,,52.9212617,"Litchurch Manor, Derby, Derbyshire, England",England,,0,GB
,True,Europe,-0.3414524,,51.2715316,"Surrey, England",England,,0,GB
,True,Europe,-0.4352969,,51.2795154,"Horsley, Surrey, England",England,,0,GB
,True,Europe,-3.6607788,,50.7241405,"Halton, Devon, England",England,,0,GB
,True,Europe,-3.6607788,,50.7241405,"Halton Hendry, Devonshire, England",England,,0,GB
,True,Europe,0.3138532,,49.0677708,"of the district of Vologne, Normandy, France",France,,0,FR
,True,Europe,-2.8538717,,52.7906166,"Stanwardine-in-the-Woods, Baschurch, Shropshire, England",England,,0,GB
,True,Europe,-3.0620969,,52.5982784,"Wotherton, Chirbury, Shropshire, England",England,,0,GB
,True,Europe,-2.9491023,,52.722962,"Alberbury, Shropshire, England",England,,0,GB
,True,,9.4238157,,53.787927,Gluckstadt,,,1,NONE
,True,,10.5513889,,53.3789803,Lauenburg,,,1,NONE
,True,Europe,-0.1423506,,51.4987815,"Chapel Royal, St. James Palace, England",England,,0,GB
,True,,-0.1368605,,51.5055097,"Chapel Royal, St. James Palace",,,1,NONE
,True,,0.2599546,,51.1270155,"Chapel Royal, St. James",,,1,NONE
,True,Europe,10.7389701,,59.9133301,"Oslo, Norway",Norway,,0,NO
,True,,-0.1261997,,51.5028139,Whitehall,,,1,NONE
,True,Europe,-0.1265398,,51.5004439,"Westminster, England",England,,0,GB
,True,,-1.0820834,,53.9623561,York Minster,,,1,NONE
,True,,-3.7968446,,38.0135643,Las Huelgas,,,1,NONE
,True,,1.082766,,51.2797999,"Canterbury, Cathedral",,,1,NONE
,True,,-0.5800364,,44.841225,Bordeaux,,,1,NONE
,True,Europe,-0.5800364,,44.841225,"Bordeaux, France",France,,0,FR
,True,Europe,-1.28041,,54.0689002,"Aldwark, Yorkshire, England",England,,0,GB
,True,,16.4860715,,48.2143607,1220,,,1,NONE
,True,Europe,-7.1119081,,52.2609997,"Waterford, Ireland",Ireland,,0,IE
,True,,6.8092477,,51.2317073,2nd wife,,,1,NONE
,True,Europe,-5.2513764,,56.2517333,"Carrick, Argyllshire, Scotland",Scotland,,0,GB
,True,Europe,9.1896346,,45.4641943,"Milan, Italy",Italy,,0,IT
,True,Europe,-1.38525,,53.9825271,"Gawkethorpe, Yorkshire, England",England,,0,GB
,True,Europe,0.6889268,,47.3900474,"	Tours, Indre-et-Loire, Touraine/Centre, France",France,,0,FR
,True,Europe,-0.6392632,,52.4959743,"Weldon, Northamptonshire, England",England,,0,GB
,True,Europe,-0.3189166,,43.1467407,"Mantes, France",France,,0,FR
,True,,1.4840715,,52.1169259,Hertfords.,,,1,NONE
,True,,-0.0788246,,51.4975728,Bermondsey Abbey,,,1,NONE
,True,Europe,11.4038717,,48.9467562,"Bavaria, Germany",Germany,,0,DE
,True,Europe,-1.5728767,,53.7307543,"Harwood, Yorkshire, England",England,,0,GB
,True,Europe,8.1869789,,50.2997124,"	Ohren, Limburg-Weilburg, Hessen, Germany",Germany,,0,DE
,True,Europe,4.6667145,,50.6402809,"Heristal, Leige, Belgium",Belgium,,0,BE
,True,,25.6282202,,-33.8228135,"Asgard, Asia Or, Eastern Europe",,,1,NONE
,True,Europe,-2.8028352,,54.1066832,"Bolton, Lancashire, England",England,,0,GB
,True,Europe,-0.5471901,,45.5792284,"	Pons, Charente-Maritime, Poitou-Charentes, France",France,,0,FR
,True,Europe,-2.9202408,,48.2640845,"Brittany, France",France,,0,FR
,True,,-68.0672707,,-16.5405017,Fance,,,1,NONE
,True,Europe,5.4639172,,50.7806267,"	Tongeren, Limburg, Vlaams Gewest, Belgium",Belgium,,0,BE
,True,,11.0058968,,49.6011153,Gothia,,,1,NONE
,True,Europe,-2.000559,,55.25,"Ainwick, Northumberland, England",England,,0,GB
,True,Europe,-0.4435804,,53.8834471,"Leconfield, Yorkshire, England",England,,0,GB
,True,Europe,-1.7064926,,55.4154664,"Alnwick Castle, England",England,,0,GB
,True,,-0.1187449,,51.5169194,Lincolns,,,1,NONE
,True,Europe,14.5208584,,59.6749712,Sweden,Sweden,,0,SE
,True,Europe,-7.9794599,,52.865196,"	Dinn Righ, near River Barrow (Bearbha), Ireland",Ireland,,0,IE
,True,Europe,-2.1880662,,51.7643786,"Beaverstone, Gloucestershire, England",England,,0,GB
,True,,-0.865913,,52.3106138,Northants,,,1,NONE
,True,Europe,-1.5249249,,53.6101088,"Woolley, Yorkshire, England",England,,0,GB
,True,Europe,0.2606772,,53.3408271,"Mablethorpe, Lincolnshire, England",England,,0,GB
,True,Europe,-1.3689836,,53.7195967,"Wooley, Yorkshire, England",England,,0,GB
,True,,-0.0978552,,51.8400523,Hertfordshire,,,1,NONE
,True,Europe,-3.3988831,,51.4470646,"Glamorgan, Wales",Wales,,0,GB
,True,Europe,-2.1880662,,51.7643786,"	Tewkesbury Castle, Gloucestershire, England",England,,0,GB
,True,Europe,-2.5503106,,51.5007679,"	Bur Priory of St. Michael's Hill, Bristol, and, England",England,,0,GB
,True,Europe,-2.1880662,,51.7643786,"Whetonhurst, Gloucestershire, England",England,,0,GB
,True,,-1.6103256,,55.3477629,Warkworth,,,1,NONE
,True,Europe,-2.6435641,,52.6523394,"Shropshire, England",England,,0,GB
,True,Europe,-3.6607788,,50.7241405,"Halton Hendry Manor, Devonshire, England",England,,0,GB
,True,,-2.7706849,,52.8276765,"Stanwardine-in-the-Woods, Baschurch, Shropshire, E",,,1,NONE
,True,,,True,,"Probably Austrasia (within present Belgium), Frankish Kingdom",,1767475817.8779778,0,
,True,,,True,,"Dunfermline Abbey, heart was interred in Melrose Abbey",,1767475819.8100412,0,
,True,,,True,,"Vermandois, Austrasia",,1767475821.8031616,0,
,True,,,True,,buried in Matemoutier Abbe,,1767475822.8143036,0,
,True,,,True,,Oder Vistula River Region Of Germany,,1767475824.0417213,0,
,True,,,True,,Fontevraud Abbey,,1767475824.9079936,0,
,True,,,True,,"St Denis-le-, Fermont, Near Gisors",,1767475827.8913188,0,
,True,,,True,,k. at Battle of Merton,,1767475829.2463863,0,
,True,,,True,,Normandy at the Château Guernon,,1767475830.151712,0,
,True,,,True,,"Laon, (Present département de l'Aisne), Duché d'Austrasie (Present région Picardie), Frankish Kingdom (Present France)",,1767475834.6902487,0,
,True,,,True,,"Either Neustria or Austrasia, Frankish Kingdom",,1767475835.832976,0,
,True,,,True,,Frankish Kingdom,,1767475836.8330853,0,
,True,,,True,,Pilgrammage to Rome,,1767475837.8423748,0,
,True,,,True,,Killed fighting the Danes,,1767475838.893808,0,
,True,,,True,,"Probably Liege, Austrasia, Frankish Empire (within present Belgium)",,1767475841.9673138,0,
,True,,,True,,"Austrasia, Frankish Empire",,1767475843.8468459,0,
,True,,,True,,"Remiremont Monastery, Habendum, France Find all individuals with events at this location",,1767475847.6981547,0,
,True,,,True,,"Metz, Austrasia, France Find all individuals with events at this location",,1767475850.6717541,0,
,True,,,True,,Roman province of Moesia,,1767475851.516349,0,
,True,,,True,,Died in Germany,,1767475852.525593,0,
,True,,,True,,Burg Hohenstaufen (murdered),,1767475853.548546,0,
,True,,,True,,in exile in Rome,,1767475854.5935318,0,
,True,,,True,,Italy - executed by Shem,,1767475855.6444788,0,
,True,,,True,,Paddan Aram,,1767475856.5242836,0,
,True,,,True,,murdered by Emperor Julian,,1767475857.5444236,0,
,True,,,True,,at Battle of Megiddo,,1767475858.8444958,0,
,True,,,True,,at Battle of Megiddo (against Necho II of Egypt),,1767475861.2030828,0,
,True,,,True,,Lachish - assassinated,,1767475861.536421,0,
,True,,,True,,killed by his servants,,1767475862.480766,0,
,True,,,True,,killed by Yehu (King of Israel),,1767475863.5357914,0,
,True,,,True,,killed by Jehu,,1767475864.4721467,0,
,True,,,True,,slain by Thurebrand the Dane,,1767475865.3270867,0,
,True,,,True,,Killed By Edred,,1767475866.3982127,0,
,True,,,True,,was buried at the Abbaye du Bec,,1767475867.4408956,0,
,True,,,True,,killed in Battle with the Gauls,,1767475868.446585,0,
,True,,,True,,slain by Conn,,1767475869.4003973,0,
,True,,,True,,killed by 49th Monarch,,1767475870.4310186,0,
,True,,,True,,killed by 13th Monarch (Tighernmus),,1767475871.3354506,0,
,True,,,True,,in the Hill of Tara,,1767475873.4231582,0,
,True,,,True,,Gothia (Carthage),,1767475873.5619886,0,
,True,,,True,,killed at Battle of Soirrean by 10th Monarch,,1767475874.5443738,0,
,True,,,True,,killed by 19th Monarch at Battle of Belgadain,,1767475875.5519447,0,
,True,,,True,,killed at Battle of Carman by 21st/22nd Monarch,,1767475876.9063337,0,
,True,,,True,,killed by by 23rd Monarch,,1767475877.8630192,0,
,True,,,True,,killed by 56th Monarch at Battle of Borin,,1767475878.7053185,0,
,True,,,True,,killed self,,1767475879.6021957,0,
,True,,,True,,died from a horse fall,,1767475880.9357057,0,
,True,,,True,,massacred by plebians,,1767475881.6023564,0,
,True,,,True,,slain by Mal (107th Monarch),,1767475883.1667995,0,
,True,,,True,,killed at Battle of Crionna Fregabhail,,1767475883.5624464,0,
,True,,,True,,killed at Siege of Orleans,,1767475884.9844992,0,
,True,,,True,,killed in feud,,1767475885.5980296,0,
,True,,,True,,Warworth,,1767475886.5743885,0,
,True,,,True,,slain attempting to avenge murder by MacBeth,,1767475887.578622,0,
,True,,,True,,driven out by his subjects,,1767475888.734474,0,
,True,,,True,,killed by Eofor (soldier of King Hygelac),,1767475889.576291,0,
,True,,,True,,killed in Battle with Cynric of Wessex,,1767475890.5764961,0,
,True,,,True,,killed accidentally by son Brutus,,1767475891.7143636,0,
,True,,,True,,died giving birth to Brutus,,1767475892.7904193,0,
,True,,,True,,"Ur, Chaldea",,1767475894.5867329,0,
,True,,,True,,killed  in Sea Battle of Bravik,,1767475895.741622,0,
,True,,,True,,killed by Ivar Vidfadma,,1767475896.5721772,0,
,True,,,True,,burned alive after capture by Shabaka,,1767475897.6777506,0,
,True,,,True,,Alabastronopolis?,,1767475898.57138,0,
,True,,,True,,killed by Sulayman ibn Abd al-Malik because of his sympathies for Christians,,1767475899.5875647,0,
,True,,,True,,died of plague,,1767475900.7004497,0,
,True,,,True,,"killed by asp, perhaps suicide",,1767475902.5992286,0,
,True,,,True,,killed self on news of Cleopatra's death,,1767475903.802619,0,
,True,,,True,,"murdered by Maeonius, his nephew",,1767475905.6142325,0,
,True,,,True,,died of typhoid fever,,1767475906.7521486,0,
,True,,,True,,murdered by Cassander,,1767475908.1999948,0,
,True,,,True,,Lacashire,,1767475908.574152,0,
,True,,,True,,walled-up alive by King John,,1767475909.6897938,0,
,True,,,True,,killed for EU,,1767475910.6170137,0,
,True,,,True,,Carnarvons,,1767475911.5689487,0,
,True,,,True,,Dolyddelan,,1767475912.57618,0,
,True,,,True,,at Battle of Halidon Hill,,1767475913.9336503,0,
,True,,,True,,Danzig     k. in fight with English knights,,1767475914.7646885,0,
,True,,,True,,at Battle of Blore Heath,,1767475915.8040843,0,
,True,,,True,,at sea     d. en route to Lisbon,,1767475919.494134,0,
,True,,,True,,murdered by nephew,,1767475919.6025662,0,
,True,,,True,,d. enroute to Jerusalem,,1767475921.250862,0,
,True,,,True,,slain in defense of York Castle,,1767475922.0764866,0,
,True,,,True,,k. at Battle of Borough Bridge,,1767475923.1822374,0,
,True,,,True,,k. at Battle of Northampton,,1767475924.0316784,0,
,True,,,True,,beheaded,,1767475924.7709951,0,
,True,,,True,,k. at Battle of Flodden Field,,1767475925.802044,0,
,True,,,True,,Angusshire,,1767475926.6190174,0,
,True,,,True,,k. at Battle of Standard,,1767475928.3215277,0,
,True,,,True,,Worchestershire,,1767475928.6169515,0,
,True,,,True,,d. Sea Battle of Bravik,,1767475929.9650595,0,
,True,,,True,,k. at Battle of Hastings,,1767475931.128386,0,
,True,,,True,,Gainsborough     (buried in Denmark),,1767475931.7675567,0,
,True,,,True,,k. at Battle of Shrewsbury,,1767475933.0523171,0,
,True,,,True,,Isle of Rhoads,,1767475933.6889064,0,
,True,,,True,,d. in childbirth ?,,1767475934.760573,0,
,True,,,True,,k. at Battle of Evesham,,1767475936.020649,0,
,True,,,True,,k. at the seige of Arques,,1767475937.0436144,0,
,True,,,True,,k. at Battle of Homildon Hill,,1767475937.9998314,0,
,True,,,True,,k. at Battle of Dunbar,,1767475939.1872113,0,
,True,,,True,,Leicesters.,,1767475939.6298716,0,
,True,,,True,,Northampts.,,1767475940.6396437,0,
,True,,,True,,fatally wounded at Siege of Pevensey Castle,,1767475941.6424742,0,
,True,,,True,,Gloucestshire,,1767475942.632639,0,
,True,,,True,,k. in Battle of Orleans,,1767475945.693898,0,
,True,,,True,,Gloucshire,,1767475945.8261952,0,
,True,,,True,,k. at Battle of Bannockburn,,1767475947.2301087,0,
,True,,,True,,poss. k. at 3rd Battle of Badon Hill,,1767475948.2173026,0,
,True,,,True,,poisoned by one of his wives,,1767475949.41711,0,
,True,,,True,,of Durrisdeer,,1767475949.8511183,0,
,True,,,True,,k. at Battle of Soissons,,1767475951.2525024,0,
,True,,,True,,k. at Battle of Falkirk,,1767475952.541446,0,
,True,,,True,,Bocton,,1767475952.8283699,0,
,True,,,True,,k. at Battle of Towton,,1767475953.991373,0,
,True,,,True,,Bohemia     d. in exile,,1767475955.0149267,0,
,True,,,True,,k. in Battle at Florennes,,1767475956.312694,0,
,True,,,True,,k. at Battle of Vouille,,1767475957.1315377,0,
,True,,,True,,Wales or Normandy,,1767475958.0345485,0,
,True,,,True,,Tredegyr,,1767475958.8294044,0,
,True,,,True,,Blaenbradach,,1767475959.8287306,0,
,True,,,True,,Rhiw'rperrai,,1767475960.829827,0,
,True,,,True,,Cibwr,,1767475961.83382,0,
,True,,,True,,k. at Battle of Walcheran,,1767475962.8303719,0,
,True,,,True,,Asia Minor     d. on pilgrimage,,1767475964.0151963,0,
,True,,,True,,Lanarks. Scotl,,1767475964.8274107,0,
,True,,,True,,k. at Battle of Durham,,1767475966.4154766,0,
,True,,,True,,Bolongne,,1767475966.8278332,0,
,True,,,True,,Holyrod Abbey,,1767475970.1674716,0,
,True,,,True,,"	Either Neustria or Austrasia, Frankish Kingdom",,1767475971.4641192,0,
,True,,,True,,killed by 35th Monarch,,1767475972.4816742,0,
,True,,,True,,killed by 38th Monarch,,1767475973.4696612,0,
,True,,,True,,killed by 45th Monarch,,1767475974.4695117,0,
,True,,,True,,killed by 47th Monarch,,1767475975.454238,0,
,True,,,True,,killed  by 60th Monarch,,1767475976.4534914,0,
,True,,,True,,Caernarvons,,1767475977.3702652,0,
,True,,,True,,k. at Battle of Halidon Hill,,1767475978.5912874,0,
